65.8558,180.1119,0
69.3754,181.5351,0
71.8711,178.1592,0
71.6428,187.5805,0
71.8057,180.5201,0
69.7397,181.3860,0
62.6505,172.7775,0
75.3191,187.1710,0
68.8590,184.8493,0
72.3817,187.7952,0
66.2763,169.7333,0
68.2794,178.8375,0
74.0378,177.2300,0
66.3531,176.1187,0
62.0946,171.8324,0
64.6222,164.6340,0
65.1829,177.8418,0
64.9380,173.0637,0
69.4269,186.9352,0
74.7442,183.4160,0
70.9796,180.6265,0
60.1611,171.2282,0
76.1012,190.8225,0
76.9010,186.7077,0
74.5243,191.2609,0
69.6653,177.1403,0
69.6511,178.9618,0
71.0534,176.3248,0
70.3635,177.8953,0
72.3422,180.1230,0
69.9192,180.9492,0
61.0386,166.5870,0
70.5338,180.4518,0
67.3399,178.3228,0
62.2832,167.1464,0
65.6627,175.6407,0
66.4505,177.0358,0
71.1914,177.0902,0
71.6830,183.2681,0
67.9029,173.9631,0
69.1508,176.0472,0
74.0473,180.9889,0
70.4937,177.3686,0
71.2035,181.4937,0
68.2974,182.5453,0
63.3984,170.3920,0
72.4988,179.8280,0
67.8325,177.2113,0
62.6251,170.2102,0
70.0227,175.3818,0
69.6563,180.6635,0
62.2045,168.9595,0
76.6010,186.5489,0
72.6832,180.9549,0
70.3122,176.0186,0
67.1706,176.8005,0
74.2391,185.5631,0
67.9762,180.9085,0
62.2311,177.1171,0
68.3102,176.0878,0
65.5113,176.8808,0
64.9979,168.3765,0
67.4389,174.8294,0
73.0720,184.9275,0
69.3605,179.4629,0
63.6654,171.5923,0
64.2879,173.1104,0
64.2043,172.2503,0
70.9295,181.3912,0
76.5758,188.5627,0
67.1071,178.6679,0
68.0840,176.2824,0
68.9038,178.6757,0
63.5871,171.7393,0
70.4460,184.0605,0
63.6075,170.4386,0
74.6382,183.6417,0
77.1593,188.7705,0
70.6627,178.4572,0
64.6150,169.9556,0
73.7788,188.5100,0
69.3057,172.6697,0
68.4677,178.4465,0
71.0138,184.7044,0
71.1015,177.0877,0
58.9248,175.7830,0
66.2616,177.6305,0
73.5559,188.2500,0
61.5451,162.9300,0
69.7718,181.4732,0
77.5607,189.5150,0
65.4206,177.7710,0
75.4475,187.0865,0
70.0434,185.1951,0
62.6278,176.6520,0
72.0675,180.1919,0
73.9521,185.0290,0
71.2427,193.0703,0
78.6167,187.4889,0
68.7366,181.2620,0
68.0012,186.3372,0
63.6966,180.0437,0
74.9723,181.2467,0
74.5821,180.9270,0
68.0912,177.6084,0
64.0271,172.5122,0
71.5016,180.0077,0
71.3262,179.8649,0
67.3494,173.9989,0
68.8105,181.0392,0
71.3588,184.0411,0
74.8119,188.4437,0
71.8488,182.1737,0
71.1981,178.7114,0
68.1138,174.4487,0
71.8110,182.9793,0
70.4852,180.1463,0
70.2362,181.0958,0
68.9063,180.5579,0
62.4273,171.9276,0
68.8030,176.4068,0
66.3961,176.0841,0
70.8963,179.5708,0
73.0263,182.1615,0
61.1399,170.7248,0
65.3029,173.8057,0
70.0053,184.2579,0
65.8106,178.5953,0
64.7285,172.8591,0
58.6328,173.1513,0
73.4284,186.8326,0
70.3761,184.9504,0
71.2040,183.0594,0
66.0211,173.5932,0
70.5656,180.7691,0
72.6871,178.2450,0
74.8528,184.1881,0
70.7236,178.6639,0
67.0926,177.5956,0
75.7416,188.8983,0
70.7630,178.1907,0
66.8905,172.5784,0
71.1456,173.9961,0
70.7242,183.6190,0
66.5400,177.2864,0
68.5990,179.2549,0
72.4617,184.0598,0
70.3295,174.8029,0
70.2492,175.7654,0
68.7000,182.4578,0
68.2384,176.5192,0
66.5830,175.6431,0
76.4032,187.6518,0
74.2008,178.8836,0
63.1498,177.9465,0
75.9730,186.4674,0
77.5539,188.5344,0
70.9504,179.8914,0
80.4207,188.4201,0
72.1557,183.1086,0
64.6931,177.0888,0
68.5484,180.8881,0
80.8933,197.3280,0
73.0649,180.7244,0
65.6638,171.2138,0
72.0684,185.9116,0
70.6983,182.6492,0
75.0175,184.0826,0
71.7999,182.9636,0
71.1381,181.8886,0
68.9736,175.4236,0
70.3905,180.0400,0
76.0901,187.0182,0
77.4970,191.1326,0
66.9607,176.0998,0
70.3727,184.3078,0
68.3744,177.8264,0
75.3241,184.1112,0
67.8140,178.1594,0
67.3919,180.1236,0
70.8515,182.0225,0
73.6206,181.9898,0
67.1837,172.1997,0
69.4674,178.9643,0
73.7596,179.7511,0
66.8888,177.1310,0
64.7571,179.7782,0
71.4387,179.7559,0
70.9454,184.6511,0
70.7000,181.3777,0
73.3647,180.2389,0
72.9356,185.0392,0
69.9533,179.6784,0
68.3521,173.5560,0
69.3574,183.9510,0
62.9529,171.9477,0
64.6319,177.7472,0
68.4658,177.9471,0
69.2600,180.8099,0
70.4119,180.3759,0
69.5244,178.4138,0
66.1840,173.8060,0
70.8185,179.7340,0
65.7401,180.9823,0
63.6900,175.6109,0
74.5486,186.1743,0
71.2338,178.1774,0
63.8326,170.1607,0
79.3279,188.8786,0
75.3116,179.9184,0
73.0121,183.1998,0
66.3447,173.0917,0
69.0058,176.6931,0
76.9530,191.7284,0
70.4051,178.4916,0
67.3889,172.8092,0
62.6045,173.4363,0
69.6039,185.8560,0
68.2730,181.3836,0
74.4329,182.9058,0
68.0817,178.2443,0
73.0074,185.4444,0
67.7997,172.7911,0
73.3404,180.2556,0
71.3191,183.4455,0
63.2151,168.8275,0
67.7703,179.2819,0
73.9223,185.7774,0
65.0790,178.7265,0
63.8464,177.4371,0
72.8149,182.7142,0
66.0171,179.9758,0
73.1297,186.0479,0
67.7918,170.0756,0
65.4119,172.9355,0
73.4242,184.3895,0
65.4317,172.9059,0
68.7389,182.4563,0
70.3818,178.1137,0
69.7169,174.1160,0
62.9759,177.9108,0
72.2085,185.2826,0
80.2919,195.2602,0
69.0066,183.4917,0
77.0987,187.1637,0
66.2537,179.5811,0
72.1927,183.1648,0
75.6265,189.8352,0
63.5540,172.1730,0
74.4535,187.8095,0
70.5417,177.8371,0
74.5839,182.8523,0
65.3806,171.0741,0
72.3317,172.2504,0
64.7752,171.5754,0
68.4336,178.9917,0
66.3094,168.8043,0
70.3694,181.9098,0
70.2900,178.3896,0
64.2095,169.1643,0
74.9242,191.3421,0
75.5445,188.3686,0
72.1291,186.6599,0
73.1278,180.9782,0
73.5518,184.1918,0
62.4980,171.8200,0
69.7415,172.2245,0
67.2883,176.0371,0
63.9725,174.5126,0
72.0559,183.8251,0
67.2107,173.4156,0
69.7498,184.7243,0
68.5717,182.1028,0
73.6446,183.4525,0
74.7580,182.2529,0
74.6941,184.0330,0
59.7361,171.8822,0
69.4532,177.1554,0
75.1764,188.4830,0
68.0546,175.6938,0
63.0276,169.6738,0
71.0534,182.6528,0
71.1416,183.9454,0
72.4730,183.9251,0
71.6583,189.4015,0
70.9572,182.2861,0
69.2496,170.4163,0
69.0195,174.7637,0
65.4532,169.5978,0
66.6020,181.1632,0
74.7406,184.6242,0
73.9915,179.0098,0
70.7649,184.1025,0
68.0236,184.7697,0
62.4580,170.1733,0
72.6574,180.5475,0
67.0313,183.4649,0
64.6711,173.0590,0
69.5945,181.5063,0
67.2583,177.6215,0
70.6426,182.0833,0
77.1517,187.4491,0
66.5778,181.3834,0
65.8657,179.2195,0
64.2605,163.9198,0
72.6919,179.3192,0
66.8743,173.0728,0
71.7119,181.2701,0
69.8255,176.4080,0
69.8872,185.6352,0
74.6225,184.5210,0
62.4101,167.4379,0
72.3333,191.0311,0
69.4641,183.9128,0
74.0104,185.4268,0
69.4810,177.0106,0
69.7610,180.3232,0
63.9264,175.7611,0
69.5528,179.8034,0
66.9280,175.7123,0
72.3432,182.4603,0
65.1547,176.1108,0
63.6649,177.9187,0
75.2685,187.1721,0
71.5697,181.4995,0
77.4316,188.5787,0
71.8744,180.5860,0
70.7376,176.4015,0
71.0449,176.9793,0
67.3526,172.6827,0
68.5970,179.0986,0
65.8131,178.4249,0
72.8750,182.2754,0
67.2338,179.6076,0
72.5346,183.4035,0
65.1597,176.6374,0
70.0908,175.2915,0
72.6286,184.7285,0
72.5124,181.4676,0
68.4155,180.2341,0
72.6881,182.0285,0
72.0428,186.7899,0
68.5763,184.5260,0
70.9863,176.2586,0
70.0903,180.5440,0
70.8852,184.7808,0
65.9183,177.9503,0
70.3248,178.9832,0
66.4309,183.0258,0
66.7550,178.3604,0
63.5647,168.6662,0
73.9019,182.1103,0
65.5596,179.8763,0
76.5522,186.8900,0
64.7001,177.4140,0
71.4791,182.4031,0
63.1474,174.9666,0
72.5979,183.3736,0
72.1096,187.0240,0
63.4387,175.8800,0
70.9039,177.6376,0
66.3420,173.2936,0
76.9736,188.7751,0
66.7985,179.1563,0
71.5411,183.2872,0
69.7353,177.7260,0
67.6983,178.9222,0
70.1714,177.8222,0
70.6243,178.5144,0
68.9218,178.1506,0
71.4732,178.5955,0
70.4282,182.7237,0
72.5225,184.1271,0
70.1407,184.3564,0
67.3757,179.3890,0
73.3599,188.0054,0
72.2083,180.7115,0
69.5390,179.3827,0
70.3729,183.8224,0
72.1527,176.4271,0
80.0764,193.9521,0
72.4193,185.0678,0
66.4771,175.0973,0
68.9561,187.1201,0
70.9503,187.8085,0
75.4881,188.7383,0
66.0629,175.5783,0
75.4396,186.7649,0
76.0591,187.0263,0
72.9843,184.2967,0
73.2312,183.7703,0
70.9941,180.5066,0
71.9789,188.2162,0
67.5149,172.2345,0
65.7582,171.0651,0
70.0845,174.2826,0
74.4487,178.7527,0
69.1171,174.7244,0
78.2229,190.4987,0
69.6783,176.2371,0
69.1362,177.2497,0
68.7549,185.0915,0
73.8256,184.8841,0
64.4579,173.2052,0
79.4389,192.5878,0
68.2731,172.8653,0
69.4219,178.4548,0
72.2584,184.5559,0
66.0947,180.0949,0
73.1124,182.1842,0
72.4358,179.2927,0
68.0067,176.6829,0
74.3386,186.9872,0
65.5028,174.0027,0
77.0095,187.7793,0
73.3783,184.7783,0
68.2843,177.3522,0
70.4014,178.1890,0
61.5924,164.4965,0
76.1993,190.0479,0
69.4537,173.2052,0
64.4594,172.9413,0
64.5097,174.1433,0
69.4536,175.4819,0
67.3493,176.6927,0
77.6381,193.7518,0
66.7882,174.8781,0
74.4411,184.8713,0
63.3143,171.8799,0
69.3938,185.1536,0
76.7762,189.7570,0
67.4482,178.5497,0
61.1097,172.0583,0
74.8564,184.0956,0
68.6944,173.9176,0
70.1081,180.3913,0
62.2096,175.7139,0
70.7315,185.3720,0
71.8836,179.9909,0
72.3217,183.1197,0
70.0096,183.9810,0
68.4605,181.6035,0
69.5005,179.0193,0
71.6262,179.1519,0
72.1281,189.6689,0
64.8813,171.9406,0
74.2743,183.3667,0
66.3901,170.6105,0
71.9951,182.1696,0
72.7371,182.1254,0
68.7154,173.8371,0
70.5844,185.0534,0
70.0950,182.5762,0
68.8074,171.0669,0
72.2973,188.4650,0
63.8947,173.4774,0
68.4794,182.7936,0
67.4722,176.3447,0
68.4401,178.7728,0
75.2081,184.8653,0
72.5763,179.8319,0
71.0333,178.9932,0
69.2452,181.7514,0
70.8086,185.5282,0
59.8353,170.4396,0
73.8288,186.9420,0
67.2704,184.2731,0
63.5744,174.3102,0
63.5987,172.5080,0
70.5751,180.9993,0
69.2854,186.1118,0
63.4441,173.5475,0
62.5498,170.5480,0
75.9083,190.2193,0
69.0968,177.8096,0
63.6530,174.8614,0
73.1579,184.3564,0
71.0663,178.1751,0
66.7087,174.4142,0
77.3529,190.1418,0
74.5317,179.3274,0
70.1219,183.5898,0
70.4828,182.0464,0
69.0221,181.2559,0
68.9140,176.7982,0
72.6739,179.3203,0
61.3436,164.1189,0
72.4941,177.7012,0
71.2572,178.3828,0
74.8955,187.5565,0
74.2664,181.9496,0
71.4087,184.0400,0
74.9338,186.3545,0
68.0495,178.1701,0
63.7155,165.5064,0
68.9091,176.9529,0
60.9161,170.9109,0
72.1552,177.8646,0
69.1729,174.9303,0
63.0562,171.8052,0
69.1223,176.1914,0
72.1085,183.0393,0
71.0093,178.9048,0
67.7177,179.8834,0
69.6485,180.2969,0
67.3592,169.3910,0
73.2578,183.7968,0
64.8678,173.7199,0
67.2752,179.7765,0
70.1738,177.0620,0
63.2006,165.9940,0
74.4172,189.7059,0
66.4053,174.3738,0
75.9120,188.0077,0
73.9812,186.6592,0
73.8471,182.1486,0
67.8813,176.9437,0
77.5720,193.7829,0
67.3901,178.7053,0
68.7456,185.0353,0
70.6995,175.2359,0
71.8168,177.8350,0
68.4291,175.5802,0
71.6418,177.9867,0
73.5982,184.0089,0
67.8195,174.3409,0
67.2973,175.3062,0
67.3623,175.1843,0
71.6594,186.4043,0
73.4503,184.4739,0
70.4218,175.9145,0
70.8580,182.6143,0
65.2780,170.5562,0
76.1681,189.9840,0
69.1344,183.3835,0
64.8187,177.9246,0
70.0818,178.8366,0
70.2415,179.3694,0
71.9384,183.4712,0
76.8370,188.4068,0
69.6141,183.6373,0
64.6315,173.9967,0
67.3231,165.9671,0
67.0182,177.0558,0
66.0127,177.7041,0
71.8582,189.7856,0
72.6298,183.4985,0
69.4774,176.6959,0
71.1761,183.7805,0
71.0186,176.2981,0
71.5037,181.9890,0
72.0851,183.0167,0
63.4391,169.4797,0
69.3148,178.7426,0
67.2110,185.3850,0
70.8526,184.5439,0
65.8829,178.4240,0
70.0119,180.8839,0
73.4780,182.7671,0
73.5213,187.3878,0
66.6481,176.6871,0
70.6946,177.5329,0
75.0074,192.1551,0
77.5777,188.6621,0
72.9724,181.8812,0
68.6129,177.7940,0
66.1906,171.9394,0
85.1425,201.7979,0
66.8045,180.6957,0
72.9961,185.6227,0
77.7808,187.8935,0
78.6862,183.8781,0
66.3636,184.5764,0
71.1910,184.8845,0
69.5783,181.1111,0
62.6301,173.0927,0
66.7456,173.9604,0
62.8637,172.3788,0
69.5329,180.8279,0
69.6902,181.8378,0
76.1710,186.1044,0
64.6867,168.5767,0
69.1569,179.6131,0
72.6868,187.2613,0
68.3515,182.7185,0
67.9246,181.0836,0
71.3166,185.0393,0
71.5230,183.8172,0
68.2243,178.4822,0
67.6004,185.5505,0
64.2811,172.9555,0
67.8496,186.2543,0
65.8546,174.3489,0
70.6025,183.5880,0
76.7327,192.4441,0
67.7855,177.6257,0
66.2414,176.6547,0
74.8996,189.6908,0
67.6495,171.6319,0
72.9726,184.9773,0
67.2002,174.6740,0
65.1912,169.3561,0
70.7475,185.5775,0
67.2542,182.3971,0
68.9687,179.5767,0
64.3378,169.7831,0
75.5280,182.6018,0
66.4032,171.9758,0
72.8395,185.0727,0
72.5595,179.0498,0
67.4492,178.0750,0
60.5298,168.3231,0
68.0486,181.2403,0
69.8058,181.9292,0
69.0247,180.6329,0
70.5072,184.5061,0
67.5536,176.7467,0
73.4677,179.4782,0
73.6921,176.0924,0
72.1788,182.7540,0
68.7690,179.3757,0
73.1747,178.3278,0
70.1269,173.3510,0
68.5055,176.3878,0
68.7775,172.0483,0
65.3270,173.2712,0
65.0282,177.8708,0
72.2243,189.0991,0
74.9027,195.4447,0
69.2745,175.9673,0
65.6548,176.6086,0
69.5577,178.8247,0
72.3432,184.3844,0
69.3208,179.5725,0
66.3269,172.6304,0
70.2584,179.5771,0
73.9639,183.8906,0
70.9785,186.7900,0
62.8543,171.3832,0
69.4381,174.8548,0
77.7613,191.8055,0
71.6317,184.2751,0
71.0326,183.5922,0
68.0500,177.9093,0
74.0559,178.9453,0
82.4325,194.6164,0
72.7900,177.1385,0
71.3806,183.3887,0
74.2857,182.0387,0
62.5513,171.2592,0
67.1320,180.5545,0
66.6049,175.9094,0
71.0102,179.0278,0
74.9876,183.6512,0
64.0870,173.0700,0
64.6878,175.1889,0
72.2029,179.4195,0
71.0106,187.1745,0
72.1299,184.9096,0
70.6987,191.1576,0
68.1907,182.6654,0
67.8510,177.1211,0
70.7379,183.6887,0
76.9579,187.5593,0
69.8556,178.6285,0
70.5012,179.9437,0
73.8507,182.0368,0
70.8876,182.9131,0
71.8534,185.8198,0
69.8030,184.1843,0
76.8416,192.2812,0
71.6539,173.1172,0
71.8092,182.5377,0
70.2453,173.6769,0
69.1922,177.0008,0
67.2553,171.8938,0
77.0756,189.2046,0
69.5425,187.4550,0
68.7031,179.8653,0
71.8352,181.8353,0
77.1354,184.2068,0
68.9520,175.3904,0
73.3749,188.7397,0
72.1189,188.3932,0
68.4424,182.9640,0
68.1759,181.2951,0
58.6853,157.6358,0
73.0313,174.8469,0
68.4496,173.3345,0
74.1741,180.9857,0
70.4355,177.3593,0
68.1025,176.1232,0
67.8035,181.1809,0
69.9967,180.6481,0
65.0891,175.0142,0
73.7122,188.4363,0
70.7536,183.4651,0
66.4948,176.8126,0
71.0136,174.3828,0
81.2183,191.1991,0
72.3537,184.7019,0
62.9882,174.7179,0
74.9878,188.7099,0
77.0574,189.1800,0
70.2701,178.9883,0
67.1627,175.1155,0
62.8665,160.5415,0
70.6291,182.9667,0
74.5774,182.4104,0
70.6878,180.5628,0
68.9525,179.0761,0
73.0646,187.7355,0
73.4328,184.4763,0
72.4113,182.6799,0
69.6522,184.6307,0
69.9636,181.0777,0
66.8839,178.4066,0
68.6037,176.5068,0
67.9521,172.4822,0
67.7450,172.7369,0
72.2416,182.7083,0
69.0213,180.3537,0
77.7962,186.7527,0
72.2918,180.6075,0
65.2765,169.0561,0
70.7061,177.9597,0
65.9693,182.2212,0
70.1477,178.0561,0
68.9567,181.2674,0
71.9307,178.9394,0
71.1968,180.7324,0
66.0141,172.0712,0
74.6894,187.8254,0
66.1671,178.5059,0
70.0950,178.0278,0
70.7685,179.6681,0
74.9259,185.5339,0
71.4062,187.6967,0
67.2074,169.9067,0
67.2019,175.3744,0
64.9772,175.7627,0
67.4854,177.2798,0
68.4972,185.4091,0
71.7305,176.4384,0
70.8524,184.0271,0
74.0972,182.7205,0
67.9673,176.7649,0
67.7794,175.4988,0
69.7706,179.8996,0
76.4701,184.1706,0
71.9979,185.6336,0
63.2747,178.6092,0
68.0111,178.3625,0
71.7644,177.6790,0
65.9266,168.7225,0
73.5989,183.3570,0
77.9009,193.3348,0
74.3747,185.0251,0
67.3659,172.8006,0
71.8825,183.5819,0
61.5705,174.0523,0
66.6644,171.5626,0
72.5624,181.7912,0
62.8163,169.3945,0
70.2257,185.2225,0
74.3169,182.8421,0
68.3353,180.1406,0
74.9635,183.0639,0
70.3265,180.4883,0
72.4215,182.4756,0
68.8761,180.6864,0
65.2764,175.9641,0
71.2319,187.4642,0
72.1401,180.9925,0
72.6114,187.8832,0
70.0822,189.0378,0
71.0705,180.9783,0
67.7789,171.2158,0
71.7680,182.6106,0
73.7688,184.3291,0
69.2819,181.2086,0
76.3781,189.3274,0
68.3636,176.6192,0
66.7967,179.0967,0
73.2150,187.9165,0
74.6775,182.4097,0
69.3997,183.7772,0
69.7709,177.5426,0
71.2141,182.8226,0
75.1835,186.6866,0
71.3085,177.6767,0
68.2233,177.7006,0
69.2251,181.6061,0
76.3340,190.9444,0
66.2775,169.8079,0
67.6972,179.6861,0
70.7891,177.2201,0
78.1523,192.9436,0
70.4167,181.4247,0
71.7677,181.7915,0
63.7503,174.1045,0
72.8202,183.9408,0
69.7065,171.9621,0
67.2189,179.1674,0
71.4630,176.3486,0
69.5767,182.4241,0
74.8053,183.2943,0
73.6764,180.2023,0
64.0567,171.9116,0
63.5208,172.3049,0
76.5658,191.3065,0
72.4356,180.5776,0
75.3774,186.3553,0
67.8632,176.2628,0
64.4907,179.3734,0
72.0512,186.6871,0
69.0185,181.7938,0
74.6771,186.7310,0
62.9562,172.1829,0
72.5257,177.0343,0
67.6692,178.2308,0
73.8661,188.1626,0
77.6367,188.5502,0
73.6723,184.9217,0
73.5059,176.9811,0
65.8372,172.6012,0
67.1434,179.1747,0
62.8485,168.6946,0
73.4777,183.0595,0
71.9123,181.3479,0
70.4432,187.2033,0
66.9295,179.6515,0
74.0380,184.0155,0
70.6646,181.0848,0
68.9893,176.8984,0
75.9680,191.4691,0
75.0989,196.3057,0
62.0967,167.1535,0
71.9563,181.8930,0
76.8724,192.8415,0
74.6107,189.2049,0
74.8389,187.7730,0
75.4531,188.0782,0
74.4740,184.9749,0
64.5448,176.7488,0
67.0673,177.2009,0
72.3307,184.4364,0
69.8060,182.7875,0
65.7255,174.7281,0
66.9571,178.2686,0
69.4445,176.5630,0
71.6927,181.8974,0
79.6172,191.5592,0
69.9871,181.8999,0
68.5313,175.4090,0
67.7369,175.3253,0
65.7018,178.0362,0
69.0864,179.3974,0
68.8767,176.9133,0
70.2697,184.6323,0
73.6339,181.8837,0
69.3455,183.2426,0
68.0512,177.1033,0
67.7748,180.3533,0
67.5309,174.4071,0
70.2060,184.6789,0
68.2834,172.9047,0
75.5843,188.6873,0
74.1647,182.0798,0
67.7466,175.7962,0
71.1104,174.4500,0
63.6355,170.1943,0
69.0947,179.5542,0
69.0973,179.3084,0
69.6108,175.8917,0
79.8964,192.2729,0
76.4503,187.6130,0
71.8688,181.7024,0
71.3330,174.1964,0
70.9352,177.1993,0
76.4072,185.3231,0
78.1754,192.2221,0
71.0240,181.7581,0
65.2899,180.4061,0
67.2638,176.2313,0
73.6644,185.0240,0
73.5816,184.1892,0
70.0438,175.5109,0
73.0207,181.6772,0
70.9115,180.7339,0
68.5247,176.2607,0
75.6713,182.9307,0
75.3666,176.7850,0
73.8752,185.2375,0
64.7495,173.3456,0
67.5206,175.4460,0
70.0891,183.7650,0
75.9420,184.8600,0
68.6598,177.8083,0
75.0248,189.2340,0
77.7549,189.3622,0
65.4252,173.7119,0
73.4181,182.5886,0
68.3484,174.2285,0
65.7452,181.2960,0
69.6452,184.0500,0
70.3461,179.8843,0
68.9042,179.2855,0
72.3207,183.6446,0
70.4155,176.8895,0
66.9528,179.1996,0
69.0161,174.5568,0
68.8060,178.3430,0
64.9898,173.3484,0
75.7069,189.4204,0
68.3662,182.4428,0
75.7247,192.1074,0
68.8494,179.7614,0
73.0016,186.9954,0
72.5002,185.2448,0
70.3366,179.1526,0
76.2290,190.6143,0
70.2363,172.1349,0
66.9421,178.0073,0
67.8608,172.6992,0
72.7000,178.6892,0
63.9293,171.6915,0
71.1270,184.4820,0
72.3647,183.6841,0
66.5529,174.5316,0
74.0447,186.3738,0
68.3885,174.9893,0
72.2585,178.3047,0
72.4955,182.6429,0
65.0968,175.1890,0
71.0685,180.4808,0
71.8243,189.8916,0
67.8725,174.8247,0
65.4002,173.5402,0
69.0889,181.8847,0
71.4351,183.6866,0
66.7293,176.6489,0
67.3663,177.6505,0
68.4577,185.5081,0
76.1115,191.1584,0
73.6066,182.4063,0
70.6833,181.6622,0
66.6963,178.8962,0
63.7402,169.0415,0
67.4764,170.6636,0
68.7848,174.8266,0
62.5444,180.2093,0
73.4500,189.4133,0
71.3816,176.5739,0
76.9455,194.1184,0
70.1118,181.2817,0
71.7988,183.1940,0
73.2089,183.4276,0
66.6836,173.8460,0
65.9449,173.2797,0
73.0319,182.1091,0
63.3354,170.6608,0
61.3197,173.8790,0
74.7967,185.3547,0
65.4357,177.5293,0
68.4895,173.3521,0
63.6877,174.7883,0
72.2634,180.8893,0
71.8726,177.2394,0
66.1023,181.5953,0
77.3102,197.4909,0
67.0328,176.1940,0
69.6924,182.1211,0
78.4392,191.2593,0
73.2887,178.7376,0
70.7506,180.8894,0
65.2112,174.3804,0
65.3613,174.6276,0
76.5852,181.9486,0
74.6574,185.9385,0
69.6626,179.4367,0
73.0450,191.4571,0
67.5599,178.0542,0
71.1072,182.9806,0
76.8605,189.2411,0
75.4451,184.3431,0
73.6279,188.8002,0
70.4291,176.1606,0
70.0535,179.0500,0
64.5319,171.8678,0
74.8841,183.0929,0
66.5373,175.5721,0
64.0073,176.7195,0
61.4245,164.0918,0
73.2205,189.4058,0
75.4198,190.2305,0
76.2055,184.2466,0
65.9183,176.9817,0
72.3027,180.5082,0
68.6714,175.0832,0
74.6961,181.1642,0
68.4036,168.1473,0
61.0341,161.1599,0
72.4037,185.9567,0
73.4225,178.0752,0
63.9954,171.2587,0
71.3119,178.0559,0
69.0539,177.8940,0
66.7270,176.5640,0
66.8646,180.1996,0
73.1802,181.9438,0
69.7011,176.3802,0
72.9612,179.2107,0
67.8265,174.8546,0
74.5344,187.4777,0
64.5565,179.3758,0
63.5933,176.4235,0
66.1641,172.9074,0
71.1207,180.2674,0
72.4211,183.7565,0
71.9710,181.9043,0
74.0441,185.0718,0
73.0441,182.9735,0
68.5932,180.2833,0
70.2046,181.4298,0
66.5910,172.7664,0
67.8707,180.0906,0
75.6589,186.2694,0
73.8029,193.0219,0
75.5840,189.8761,0
67.8074,182.6351,0
68.4185,177.8883,0
64.7329,175.6263,0
73.0674,182.4393,0
73.0981,189.0041,0
69.5523,176.5380,0
70.2660,183.1320,0
74.5087,184.3381,0
68.0039,176.2930,0
74.8931,181.0272,0
66.7989,177.2628,0
69.3658,184.8603,0
68.8296,173.2292,0
69.5861,182.9472,0
68.2907,174.5326,0
78.5681,184.6138,0
76.7905,185.7526,0
73.8389,186.3480,0
68.4341,179.7510,0
67.4758,178.1703,0
66.2169,176.1517,0
73.9930,181.6554,0
68.3265,176.5215,0
65.3045,168.4876,0
71.3399,177.7749,0
76.4124,194.8360,0
69.2896,184.4819,0
64.0506,171.0102,0
73.5857,188.2135,0
68.8873,174.1884,0
73.8032,179.7945,0
71.9893,172.2975,0
72.8586,177.0552,0
78.2436,192.9785,0
63.5643,174.1407,0
67.1093,175.9683,0
72.0112,180.0637,0
76.0092,189.9167,0
63.4360,173.6564,0
68.0783,174.9896,0
76.2685,191.2017,0
71.7167,178.3486,0
69.5036,182.7648,0
69.8560,179.4533,0
65.1950,171.2081,0
65.0955,178.6239,0
71.1340,176.2490,0
73.6936,186.0414,0
75.2534,187.0679,0
69.3518,180.3654,0
71.9049,181.4635,0
71.5410,182.1173,0
71.4704,179.0384,0
72.0877,182.0763,0
70.0699,180.9373,0
65.1574,178.6977,0
61.6467,170.2581,0
70.4351,183.8595,0
68.1751,177.5336,0
72.2049,185.6198,0
66.6921,173.4665,0
69.9520,179.6181,0
74.8278,184.5334,0
62.8574,175.4819,0
68.5545,172.8882,0
72.1371,179.0456,0
73.4457,179.7440,0
68.4999,176.8373,0
75.0488,180.4671,0
62.7932,173.3144,0
60.6663,176.5857,0
69.0471,173.6314,0
64.7744,172.4779,0
70.9822,180.9023,0
68.9139,177.3001,0
60.4003,164.6485,0
69.1877,182.1391,0
74.8413,184.9823,0
70.6025,178.8013,0
71.3725,176.2228,0
71.1236,182.9526,0
67.3876,174.3266,0
63.0224,172.8315,0
77.5866,192.3643,0
74.5777,183.4294,0
61.0835,170.4436,0
68.4243,181.0699,0
74.3512,183.6898,0
70.9555,182.0990,0
65.7308,177.3497,0
76.5684,186.9898,0
68.9337,176.5838,0
65.8788,177.0035,0
69.1017,172.2681,0
70.1483,180.0308,0
70.7079,175.0764,0
71.4464,181.8787,0
71.8257,177.1142,0
65.8661,183.5870,0
62.3064,168.9226,0
72.0055,182.1143,0
63.5230,173.8979,0
68.0175,173.7942,0
73.1619,179.4439,0
70.0735,176.5597,0
66.2270,175.1532,0
69.8031,170.3809,0
71.3497,182.1504,0
74.3952,183.1279,0
70.2045,176.8220,0
75.7325,183.3992,0
71.0476,180.9375,0
65.6154,169.8812,0
70.0205,177.7221,0
66.9824,174.6350,0
73.5517,185.4523,0
72.3406,182.0234,0
74.1459,189.4769,0
69.9535,177.7080,0
66.0369,177.0704,0
68.7873,173.5066,0
68.5002,173.2810,0
60.0382,159.7254,0
70.4017,186.0401,0
65.4913,179.5759,0
66.4487,177.1173,0
78.7592,192.5540,0
67.2779,173.8704,0
75.3689,185.7178,0
75.8897,190.7520,0
75.6938,188.2486,0
69.3181,177.3122,0
71.6485,176.2502,0
62.9400,171.8025,0
66.3274,174.8765,0
65.2766,172.4805,0
64.3999,180.4319,0
73.1412,179.7375,0
69.1401,177.0528,0
67.1424,172.6516,0
66.1976,175.3143,0
66.2657,177.0438,0
75.5481,182.8269,0
72.5256,178.5733,0
68.7945,187.5955,0
66.5617,177.2419,0
73.1866,186.0029,0
74.3513,184.0381,0
76.4024,185.7901,0
70.6386,175.2035,0
73.7939,174.7018,0
69.8721,178.6369,0
67.6611,176.8898,0
73.6151,180.6964,0
66.0975,173.3466,0
70.3908,190.3769,0
66.7340,177.6477,0
72.8375,181.1520,0
73.5393,179.2468,0
63.4656,167.4258,0
66.2213,179.6933,0
72.2310,178.4193,0
67.9305,179.6165,0
68.2126,179.3002,0
75.6259,188.2689,0
71.5845,184.0768,0
66.3704,175.5213,0
74.5232,188.5050,0
71.5148,181.0908,0
67.9753,177.8342,0
62.7483,172.8541,0
69.7546,179.8511,0
63.4503,172.6689,0
66.1110,181.4858,0
67.4545,173.4491,0
72.2003,181.9103,0
68.9691,175.7337,0
71.7457,183.3882,0
68.5328,177.5776,0
64.7788,177.8844,0
71.0561,184.8450,0
68.8515,182.9412,0
66.3877,171.6402,0
65.1725,172.4863,0
69.0928,171.8624,0
69.6355,181.7553,0
65.8845,173.9265,0
76.2783,180.5065,0
69.8101,181.9982,0
69.6403,181.4573,0
65.0416,175.1819,0
65.3971,172.1583,0
65.4587,171.4605,0
69.8073,176.5323,0
71.7689,178.2602,0
62.8129,177.2588,0
74.5655,192.7493,0
74.2594,180.1379,0
72.3194,187.8181,0
67.0184,171.8464,0
68.1325,180.9167,0
69.3540,172.1518,0
69.6318,176.6215,0
67.1583,180.5966,0
70.2412,181.1691,0
71.0133,182.1274,0
69.3401,176.5610,0
76.6302,187.7806,0
76.7491,185.1359,0
73.7710,180.2733,0
69.5192,176.4288,0
68.9884,181.6598,0
71.3864,185.0960,0
62.0063,169.7948,0
71.8394,177.9983,0
70.0573,183.7330,0
64.3097,171.5519,0
68.1295,173.4432,0
66.4097,176.4663,0
74.5695,189.7691,0
70.1072,182.3165,0
68.9268,176.8295,0
65.7834,178.2606,0
73.9672,181.9019,0
66.8483,180.6501,0
70.3035,183.3199,0
69.0247,183.8673,0
61.7169,167.0944,0
74.8743,184.2890,0
74.4903,185.1582,0
73.6224,184.9401,0
75.5767,185.4837,0
68.4088,182.8642,0
76.1139,186.0406,0
72.8970,180.9518,0
73.2093,183.5568,0
69.6762,177.1446,0
74.5874,186.9654,0
66.2706,178.1087,0
79.7154,197.4356,0
67.2859,176.0729,0
66.1257,175.5296,0
74.4683,181.9618,0
69.2988,179.4398,0
68.1446,179.9010,0
75.4498,182.9744,0
64.4792,166.8265,0
69.4877,174.8849,0
71.4457,182.5085,0
62.7884,169.3159,0
74.5396,177.1792,0
73.6941,178.8987,0
71.7058,177.0190,0
64.3769,177.8183,0
75.1463,184.5596,0
66.8984,179.6944,0
67.2296,175.9617,0
70.0294,179.0608,0
66.9843,174.7135,0
75.3878,182.9146,0
65.2250,176.6205,0
66.9691,172.6979,0
72.0999,193.3244,0
73.8326,185.0314,0
61.4909,173.1453,0
70.8741,183.2921,0
70.4004,179.8529,0
78.7714,192.2375,0
71.2986,179.5012,0
72.1502,181.6536,0
73.0974,183.1894,0
70.8220,180.0497,0
70.4247,176.8806,0
66.7604,174.8824,0
75.2985,183.6314,0
67.2853,177.4084,0
69.6347,176.5464,0
76.9842,188.6641,0
72.6192,185.0229,0
70.1250,183.7621,0
67.4340,174.7789,0
66.6222,180.0711,0
74.8132,185.8552,0
71.5510,181.0544,0
72.5296,181.8860,0
75.0138,185.4596,0
76.5745,187.3161,0
67.4795,185.9206,0
76.3429,192.1863,0
66.1259,175.4898,0
64.3575,171.6852,0
72.1290,188.8229,0
72.3037,189.0240,0
70.5379,178.7277,0
68.1811,169.6746,0
74.4717,182.8815,0
72.5619,178.3544,0
72.3018,182.9792,0
69.0714,179.7100,0
69.6456,181.6973,0
64.7321,172.2386,0
67.3150,180.8805,0
70.2884,187.6647,0
73.7101,178.6472,0
70.1532,179.0177,0
75.6679,189.7409,0
74.8701,183.0140,0
66.2009,172.3183,0
72.5766,187.9040,0
65.7212,170.4796,0
70.8058,182.2981,0
67.2347,175.0373,0
64.6507,170.3226,0
71.5619,179.8676,0
75.6407,185.3819,0
73.8641,176.8874,0
75.9093,189.0211,0
73.4096,188.4334,0
70.4440,182.4510,0
66.9467,178.2567,0
64.8475,175.0870,0
69.7547,184.9394,0
64.2960,173.4771,0
72.8775,185.8901,0
74.5765,186.0176,0
73.4984,183.6927,0
76.7494,190.2770,0
69.6846,175.9185,0
71.1862,180.6997,0
72.7766,182.3461,0
71.2440,177.4843,0
70.6896,183.6778,0
76.6910,187.3408,0
63.3264,176.1207,0
64.6449,169.4812,0
70.4474,180.0965,0
75.7732,190.1191,0
68.9576,183.0673,0
69.1851,181.5159,0
66.0058,174.9711,0
69.5979,187.6875,0
64.4249,169.6223,0
76.3731,189.9634,0
70.4366,179.4643,0
65.5129,167.9752,0
71.9780,175.4148,0
74.6313,185.5257,0
65.0215,174.8064,0
71.5917,181.0504,0
69.6896,183.2157,0
76.3413,182.7829,0
66.2938,174.5167,0
69.7252,180.6952,0
68.1903,185.1723,0
63.5377,170.2454,0
64.7526,174.5606,0
66.3812,176.4361,0
72.6953,177.4032,0
68.8912,174.4929,0
72.0588,185.6240,0
65.5602,174.6197,0
73.1404,185.3742,0
66.9619,179.9306,0
69.5144,178.8810,0
72.9495,188.7771,0
68.1967,180.0224,0
67.5604,176.7465,0
78.0558,187.5685,0
73.7267,186.3257,0
65.6587,174.8289,0
70.7088,182.6471,0
73.3696,184.1384,0
63.2606,175.4380,0
75.1811,187.7567,0
64.9432,172.6567,0
72.5631,181.7463,0
64.6075,179.3886,0
66.9285,177.8522,0
77.2305,196.4043,0
80.6018,190.0923,0
77.4543,182.1310,0
71.4056,184.1989,0
61.0125,169.5723,0
68.8236,178.5302,0
73.2359,182.6552,0
73.3509,183.7612,0
71.1416,180.6548,0
76.2997,188.1728,0
70.8594,181.2764,0
69.5578,188.7557,0
73.0954,186.6306,0
68.7267,175.0649,0
60.1952,167.3303,0
67.9602,170.7131,0
71.3820,179.1756,0
71.7308,178.5453,0
70.1055,186.4528,0
67.4625,175.4752,0
70.3149,179.9140,0
61.0049,170.3809,0
70.7470,180.7891,0
70.4086,185.4905,0
75.3491,188.8499,0
71.0975,181.6268,0
59.6316,168.4284,0
71.5670,178.5375,0
69.6157,181.2573,0
68.5916,178.0435,0
69.5399,176.5397,0
69.6138,186.5019,0
74.0722,187.2492,0
70.7008,179.3850,0
61.3502,170.8632,0
77.2277,189.6009,0
56.0394,162.1616,0
68.5550,182.6179,0
69.7736,178.3460,0
70.8110,184.4808,0
64.3528,173.9202,0
74.9298,186.6639,0
64.0252,172.3143,0
65.5220,182.5365,0
67.8417,179.8078,0
67.9638,184.9678,0
70.6438,178.6830,0
62.5154,166.6458,0
68.4783,178.0383,0
71.8999,178.8666,0
66.4230,176.4634,0
76.8635,191.8697,0
71.5561,179.0061,0
62.6195,179.6165,0
68.6872,175.3625,0
70.1895,181.1955,0
74.6694,186.7358,0
68.3984,177.1231,0
71.5997,179.2748,0
61.1857,168.6619,0
69.6559,179.7559,0
67.6787,180.8366,0
64.9393,174.0396,0
72.0015,187.0950,0
71.3034,181.5513,0
68.7912,172.5350,0
68.2542,173.1650,0
75.2171,185.0610,0
70.7080,181.0143,0
64.1571,168.9402,0
75.1219,184.6684,0
67.6688,178.8143,0
67.3214,178.3933,0
69.3458,186.7139,0
66.7086,180.1647,0
69.4615,183.6937,0
75.3802,190.4406,0
76.3400,186.5859,0
77.5218,189.4685,0
71.7895,180.7380,0
66.7993,172.3554,0
67.5656,173.9922,0
71.7014,184.2814,0
68.5652,173.6379,0
71.4794,187.5179,0
62.5578,168.4545,0
68.3201,173.7293,0
69.8933,176.0159,0
63.1762,168.5576,0
74.6293,193.2017,0
68.9842,174.6687,0
64.9355,177.8672,0
73.0653,182.8885,0
63.3805,166.6027,0
74.0651,180.2030,0
68.6452,177.0538,0
64.7012,177.3901,0
65.1617,166.4676,0
66.4384,175.8120,0
78.3329,188.4783,0
73.4075,185.7212,0
70.4275,184.2658,0
71.1480,183.4210,0
68.9418,177.1618,0
72.8742,183.5570,0
70.9094,180.9235,0
71.9534,175.7876,0
71.8627,176.5251,0
73.0880,177.4886,0
75.6154,182.3085,0
76.8396,184.0707,0
68.7657,175.1933,0
66.2145,173.3160,0
69.6170,177.7340,0
73.2244,183.8388,0
68.8563,175.6039,0
68.9083,173.9344,0
60.2278,167.5421,0
75.8816,188.8057,0
71.1725,186.1062,0
75.1322,185.7425,0
65.2338,177.4720,0
68.2469,172.3758,0
68.4720,177.8504,0
72.0204,177.9411,0
69.5300,182.4375,0
72.8976,184.0138,0
69.3094,188.6806,0
62.0102,166.0508,0
67.4625,179.7977,0
67.4937,176.1218,0
68.6151,179.3359,0
63.1293,164.9591,0
75.5860,182.7099,0
69.1801,181.5155,0
75.4845,189.0908,0
74.0893,184.9625,0
69.3976,179.7404,0
71.0593,185.0765,0
67.7599,174.3492,0
69.5959,180.8867,0
67.1318,175.5170,0
71.4709,182.7433,0
73.8891,188.4438,0
70.6206,180.1865,0
71.6982,176.7359,0
71.9060,181.9942,0
68.3431,174.0899,0
69.1392,179.4039,0
66.6930,168.2411,0
71.2945,177.5420,0
70.1358,180.3092,0
72.5665,181.6769,0
66.5434,177.3019,0
64.8029,168.2073,0
70.1787,182.6407,0
67.8959,176.4509,0
68.4460,176.0063,0
73.4697,190.7642,0
66.7241,183.0453,0
70.2500,182.3180,0
69.8473,172.4830,0
69.9247,176.2541,0
74.5002,185.1684,0
73.9077,184.0113,0
70.5506,182.4484,0
67.2215,178.1564,0
70.0432,176.2108,0
70.9718,180.9611,0
70.7608,178.5480,0
66.6383,178.0396,0
67.1181,174.8602,0
73.2932,177.6697,0
69.9963,188.6767,0
71.2479,178.2737,0
66.1847,173.9970,0
69.2602,183.4742,0
66.9156,180.5726,0
70.8408,179.4837,0
66.7406,177.2875,0
67.5377,176.5015,0
65.7198,173.8053,0
76.1282,190.0134,0
68.7961,179.0747,0
67.3487,169.7883,0
66.8587,177.6187,0
66.9733,176.9839,0
75.3290,181.2898,0
76.4316,195.7842,0
74.7471,190.7185,0
68.9424,179.6622,0
68.5312,177.7980,0
65.3195,173.0695,0
72.5852,187.0300,0
66.1267,174.0007,0
70.8588,170.4178,0
69.8278,178.0724,0
74.9606,188.8922,0
74.0149,181.4169,0
69.2160,181.8438,0
72.6426,185.5695,0
71.8065,180.0216,0
66.5800,175.7770,0
70.6657,178.3503,0
61.0713,163.2574,0
70.4416,172.3441,0
72.8669,185.0638,0
70.4226,182.8072,0
70.6605,180.8041,0
72.4185,179.3261,0
76.5916,192.5754,0
71.9764,183.2900,0
73.3548,181.7512,0
68.4232,178.8282,0
76.8355,186.1036,0
67.5604,178.4500,0
66.4840,180.3613,0
72.9139,182.8012,0
63.8705,175.7949,0
64.6119,174.2905,0
63.1974,171.3324,0
75.0505,190.2764,0
68.2306,185.3247,0
63.8936,169.8987,0
67.0501,180.3352,0
69.8176,172.6124,0
68.5238,176.7592,0
68.6765,173.9658,0
71.7586,182.3169,0
70.9420,179.3939,0
71.4559,183.4990,0
68.6619,177.8967,0
65.5059,166.3447,0
70.1861,178.3613,0
67.3995,174.0802,0
70.7570,183.5388,0
70.9112,177.4352,0
62.6601,172.2475,0
70.3181,179.5693,0
79.4066,184.2217,0
67.6220,175.9480,0
71.6891,183.9538,0
61.3685,173.8121,0
70.1429,187.8866,0
67.8104,180.4309,0
67.8396,187.4528,0
61.9850,172.2972,0
69.3921,178.7690,0
73.4095,182.7691,0
72.6676,185.0967,0
61.4559,167.0923,0
72.7742,186.6844,0
68.1776,174.6162,0
70.7465,183.0791,0
68.5661,177.3159,0
68.5758,174.8936,0
70.9505,174.5814,0
67.6111,180.9890,0
70.4146,179.1892,0
67.2146,174.5617,0
71.2768,184.9284,0
69.8311,175.0958,0
71.6959,179.9099,0
65.6586,172.6087,0
73.9426,183.8940,0
70.1544,172.0967,0
75.2305,193.3471,0
65.1986,174.9264,0
66.7795,176.9968,0
71.1424,173.9215,0
67.7818,180.3511,0
74.8046,184.9777,0
69.2366,178.3708,0
68.7461,179.6218,0
73.4599,183.3414,0
65.3953,178.3115,0
63.8066,174.3211,0
72.2462,187.7565,0
74.5647,182.1804,0
70.5606,180.9019,0
58.7891,164.5656,0
69.1913,178.9634,0
66.5357,176.1786,0
68.7008,180.2271,0
65.0335,167.2461,0
79.4671,184.6611,0
69.5583,181.6634,0
70.7781,180.2018,0
64.3246,167.9818,0
68.6776,179.8007,0
73.6223,184.9393,0
77.4565,178.9949,0
73.9592,183.2179,0
71.2711,174.9677,0
70.2248,179.3685,0
67.5823,179.4752,0
71.1008,183.7242,0
70.4779,180.8604,0
76.5564,192.1043,0
68.6755,180.2922,0
67.3931,179.4259,0
70.2436,178.4548,0
78.9146,188.7003,0
78.0278,189.7693,0
65.6195,169.9599,0
71.0738,181.5899,0
67.8513,172.1213,0
64.9518,172.1775,0
73.2663,185.5288,0
70.6824,182.2748,0
73.8353,194.9510,0
67.8726,173.2182,0
66.6088,170.5360,0
70.6502,180.0274,0
69.9648,177.3690,0
71.5300,180.4998,0
61.7747,173.4206,0
66.4432,171.0630,0
67.9266,180.3550,0
61.7061,177.9754,0
70.4689,186.8381,0
75.2846,188.3930,0
65.7805,173.4431,0
71.7167,185.1924,0
71.6207,177.7083,0
67.2218,175.4043,0
73.4925,190.1974,0
67.8100,180.7925,0
73.3688,181.8823,0
71.3530,180.4599,0
69.7623,177.4995,0
68.6788,180.1369,0
71.3454,174.8046,0
79.1500,191.6175,0
67.0171,177.5092,0
74.4234,184.5497,0
69.4126,178.2237,0
73.1765,186.2081,0
68.0674,180.7412,0
73.2073,184.0826,0
67.4184,179.4880,0
73.8904,182.7830,0
65.4933,171.8171,0
74.9422,184.9739,0
70.1551,181.1346,0
73.1354,178.5940,0
62.9925,172.1048,0
69.6668,184.1578,0
63.5084,178.1950,0
62.9670,166.2112,0
63.7954,171.2417,0
72.6837,184.5812,0
69.6977,181.8145,0
68.6993,179.6660,0
66.5541,180.7406,0
68.7979,179.4159,0
73.6274,184.0014,0
69.8367,181.5060,0
72.5564,178.5906,0
68.8972,180.6350,0
69.4167,178.0227,0
66.9248,170.9298,0
68.3344,177.2489,0
72.9328,185.9278,0
71.7402,177.3907,0
75.9394,188.9070,0
72.0360,176.0825,0
66.0689,176.6094,0
70.5887,182.2791,0
67.1275,176.5296,0
72.4999,176.9540,0
69.7309,175.0597,0
65.8498,173.8689,0
72.4662,187.0779,0
74.0847,189.7159,0
68.4043,170.1232,0
77.5955,189.0139,0
66.7015,174.7364,0
76.9395,188.6729,0
74.6105,185.6141,0
70.4892,177.9238,0
73.8286,177.0110,0
71.2723,177.9306,0
62.8381,167.5475,0
71.4798,179.6737,0
72.8268,187.3918,0
71.1465,186.3332,0
70.1484,185.0547,0
74.4059,186.7150,0
69.4474,180.7467,0
70.7948,184.2923,0
58.8179,162.8840,0
65.7888,175.7367,0
73.1766,185.0532,0
71.2472,188.3354,0
71.1091,177.9006,0
69.3450,180.1614,0
67.4773,182.9691,0
67.3636,180.8273,0
72.3157,185.2275,0
72.7809,180.4106,0
69.9014,185.9843,0
72.7679,187.1977,0
72.0575,183.6527,0
62.5639,175.6552,0
74.8484,183.6871,0
63.6230,176.0765,0
71.7875,191.4709,0
71.0255,184.0934,0
65.1033,173.3137,0
75.2679,184.8251,0
69.5698,186.1162,0
67.6419,179.3415,0
72.6581,181.9311,0
68.7896,180.7338,0
74.7454,189.4548,0
63.7109,171.0805,0
73.9472,183.4194,0
65.5538,179.2931,0
76.1206,184.4253,0
67.8772,177.4280,0
70.8933,177.4797,0
69.8476,180.4113,0
69.5859,181.7156,0
70.2398,180.2643,0
73.0763,183.5472,0
73.8417,178.9467,0
72.8392,186.7398,0
72.6195,187.4066,0
71.2267,186.2966,0
64.4339,171.4355,0
72.4173,175.8315,0
67.5204,174.0760,0
68.4081,183.5107,0
73.3992,182.5832,0
68.2905,175.2021,0
65.4214,177.9628,0
68.9120,188.7215,0
67.3272,183.5027,0
63.8834,176.3941,0
65.2279,174.7057,0
69.6622,178.8539,0
70.5710,174.5118,0
65.1374,170.0458,0
68.2249,179.1672,0
67.4688,181.0968,0
71.7021,184.1052,0
66.3536,179.3761,0
77.1146,185.7502,0
61.7451,169.1893,0
71.4011,180.3152,0
68.6312,179.8617,0
70.1553,184.9048,0
78.1012,191.7851,0
75.1182,187.3415,0
67.9277,179.3004,0
68.0779,171.3534,0
75.5900,188.9822,0
71.5657,191.0939,0
67.9233,178.8611,0
69.5398,185.0387,0
61.3844,168.1918,0
71.0433,181.4206,0
68.2473,180.5804,0
74.9822,185.5825,0
68.6690,178.8270,0
73.4682,191.8236,0
73.8927,188.1454,0
67.4467,182.0430,0
70.8475,184.0941,0
63.9523,176.5237,0
65.3544,176.0658,0
68.1223,179.8337,0
71.2574,181.5569,0
74.2686,186.8665,0
66.0747,176.6929,0
65.1025,171.1919,0
72.7780,180.3871,0
70.2896,182.1978,0
62.1347,173.5145,0
62.5010,172.4254,0
68.5444,172.5711,0
70.2984,182.4039,0
69.3259,188.2867,0
66.0999,179.8308,0
73.0462,188.5419,0
71.2215,176.6193,0
71.5389,179.0124,0
72.2686,187.9797,0
73.2270,182.9480,0
67.2588,170.0034,0
78.1672,194.3541,0
72.5816,187.8171,0
72.4702,182.9007,0
78.8601,192.7877,0
75.9682,183.0387,0
67.2527,183.8230,0
67.8046,177.8062,0
67.2954,176.0932,0
68.2734,169.4439,0
74.7272,184.9216,0
67.8725,179.7474,0
65.9826,173.7986,0
68.2936,184.4120,0
65.3049,173.3883,0
68.3235,180.1889,0
64.1499,172.9330,0
62.0392,171.0155,0
68.7043,181.0959,0
78.2130,184.1544,0
75.5711,188.8674,0
65.7805,178.1209,0
66.9653,178.9251,0
71.7439,184.8333,0
70.1379,185.8075,0
69.9682,171.1331,0
72.4972,186.8212,0
61.6387,175.2634,0
72.4064,183.3522,0
74.9275,190.4374,0
67.4343,183.9015,0
75.4701,182.2346,0
68.0120,174.9909,0
74.8652,190.5081,0
75.1550,183.0613,0
73.5392,181.7400,0
64.3586,171.2220,0
67.8358,180.7874,0
70.7548,183.1988,0
68.1140,182.8146,0
68.2027,177.3880,0
72.7570,179.5169,0
68.1103,179.8769,0
68.0564,177.9249,0
69.7645,186.3086,0
76.4688,192.5776,0
64.3040,173.4597,0
71.3292,179.3986,0
70.8054,182.7706,0
68.1749,179.6947,0
66.7852,176.8723,0
71.3486,186.5540,0
69.7832,177.6501,0
72.9100,182.2472,0
69.6355,174.1136,0
77.3528,187.5299,0
67.8216,178.1573,0
67.4404,175.2644,0
64.2804,176.6277,0
64.2945,169.7792,0
68.9086,182.1920,0
65.9741,174.7812,0
72.1793,183.2339,0
69.0082,179.0769,0
70.1668,179.6490,0
63.7604,169.3547,0
71.3236,187.9606,0
69.2966,182.4028,0
71.2836,179.3334,0
65.4244,172.9213,0
68.0017,174.3578,0
72.4375,188.3101,0
65.0452,175.7573,0
70.2609,178.2661,0
72.5400,187.5498,0
66.0649,170.8120,0
67.9957,167.3245,0
68.3081,176.3922,0
65.9377,169.0716,0
68.5552,178.8694,0
75.0509,187.2482,0
69.9277,180.4195,0
72.7116,179.4662,0
64.2769,176.3431,0
63.2868,173.4140,0
73.7720,182.7535,0
65.3794,171.5529,0
66.8106,171.2702,0
64.6702,172.6830,0
64.9751,168.9341,0
73.9359,192.9805,0
70.2300,183.8328,0
73.7059,182.1679,0
68.9101,184.2616,0
65.1899,174.1757,0
67.3023,176.2248,0
68.5011,179.1612,0
71.1977,180.3984,0
67.1596,176.9668,0
70.9742,178.2493,0
74.6319,184.8845,0
61.8370,169.1906,0
70.0981,169.5092,1
63.6474,161.0520,1
68.8157,168.6178,1
64.3696,162.0645,1
67.5369,163.0160,1
59.9211,155.1062,1
65.7796,160.4260,1
69.4500,165.3308,1
64.4968,164.0446,1
63.1551,161.3491,1
63.5057,158.7024,1
65.0021,159.4103,1
63.7350,162.1083,1
62.5115,155.8497,1
62.7707,157.6758,1
66.5183,161.6112,1
64.6924,165.5182,1
62.0405,158.5544,1
60.1920,149.9568,1
62.2294,158.3362,1
62.4696,156.0444,1
68.6376,161.7703,1
62.3398,155.2244,1
61.7081,158.1806,1
66.7535,163.9870,1
66.5329,163.4671,1
67.0529,160.3494,1
68.0685,167.4161,1
73.6211,165.1265,1
66.7394,160.6063,1
73.1509,167.8855,1
65.8268,164.0531,1
67.9056,167.3255,1
60.8999,154.9907,1
69.6516,165.4098,1
61.8172,151.0877,1
62.6202,154.2483,1
69.6542,160.5934,1
63.1247,150.3780,1
60.0001,149.7595,1
69.3198,164.7717,1
56.7839,150.0139,1
63.4558,160.8436,1
65.5393,160.5886,1
65.8040,162.3037,1
67.5465,160.5065,1
64.0993,160.9375,1
64.3953,160.2547,1
65.9628,164.1111,1
58.4765,152.9414,1
61.2531,153.4144,1
58.6857,155.9879,1
62.3678,155.7155,1
54.8842,146.8836,1
66.1398,162.1007,1
71.2787,160.5259,1
61.1266,152.8937,1
63.1404,153.0614,1
69.0584,169.5336,1
57.7185,148.8460,1
70.8636,163.8588,1
67.9222,163.8000,1
69.2613,170.4969,1
61.6273,148.5922,1
63.5551,159.0549,1
65.8960,163.9073,1
69.0049,165.2909,1
65.1859,160.5764,1
65.7074,163.1195,1
64.0690,155.4953,1
61.5421,154.3948,1
63.8153,158.6512,1
65.1660,159.6287,1
64.9629,153.8524,1
65.7876,159.6329,1
61.9926,160.5674,1
64.3740,157.2954,1
64.4341,162.5958,1
67.1167,166.8635,1
60.5369,151.7897,1
59.5975,152.4478,1
72.9269,174.3324,1
62.8194,157.9984,1
66.6033,162.9739,1
68.3911,166.4852,1
65.4754,167.3104,1
66.2308,156.2963,1
65.4656,161.2970,1
65.4440,159.3539,1
64.9902,157.8245,1
69.4931,163.5261,1
63.9683,162.5284,1
66.3726,166.3636,1
71.3065,168.5272,1
65.1312,157.7835,1
65.2497,161.8224,1
58.0562,149.4578,1
71.1364,164.0982,1
61.4823,155.1836,1
65.6930,165.7372,1
67.2395,160.0200,1
63.1315,161.4567,1
63.9791,161.3997,1
67.3215,165.0148,1
66.1567,161.8932,1
61.6445,157.8464,1
69.5111,165.8845,1
63.5593,152.9707,1
64.8264,160.6034,1
60.0610,152.0928,1
65.2171,159.0728,1
62.7549,160.0270,1
65.8896,159.5244,1
63.1868,160.4676,1
64.2908,156.6897,1
68.5215,161.5577,1
66.1926,161.4422,1
61.9323,158.5152,1
60.2010,145.7367,1
59.0899,154.6117,1
61.6031,162.2202,1
68.6576,169.5265,1
65.9988,162.5243,1
63.0605,160.2889,1
69.1095,162.8654,1
61.9876,156.5692,1
72.7564,167.6176,1
67.0148,158.9575,1
61.4857,160.1912,1
66.9847,166.9810,1
60.1286,150.2671,1
63.8421,157.5992,1
59.6636,153.9514,1
62.3527,159.1766,1
64.6712,156.3636,1
62.1232,155.8618,1
68.0893,167.5065,1
66.1837,164.1837,1
65.5630,163.4301,1
58.6410,154.1800,1
62.8687,155.5698,1
64.3900,162.8215,1
71.1732,166.7630,1
65.0301,159.4010,1
64.1467,161.1337,1
58.7986,156.4770,1
60.9275,157.0346,1
64.2069,163.7238,1
64.9283,157.2885,1
68.3520,161.3553,1
67.6243,169.3231,1
70.3522,162.7019,1
63.6779,157.0013,1
73.0485,170.2827,1
69.4349,166.1284,1
66.0130,154.5824,1
64.6202,160.1045,1
72.6938,167.7040,1
57.8849,150.3834,1
68.3307,163.1173,1
63.0368,160.2756,1
71.7581,161.4376,1
64.5214,158.1968,1
63.5775,158.8942,1
65.2161,164.7063,1
64.8493,158.4066,1
64.8995,159.7765,1
66.3458,165.1015,1
69.7289,164.4344,1
59.5327,152.1022,1
65.0589,153.0704,1
66.1610,159.6075,1
66.6243,163.3262,1
62.8964,156.7178,1
59.3639,151.0205,1
65.4418,157.5422,1
72.8366,167.0574,1
62.4580,157.1719,1
66.8788,160.1096,1
65.6772,159.1494,1
67.5921,161.5377,1
73.0504,164.6061,1
64.9153,157.6709,1
67.1334,161.2912,1
66.7000,166.5651,1
66.9524,158.3787,1
67.8715,162.8521,1
54.2283,144.6655,1
71.9611,161.8742,1
64.1224,161.3081,1
68.3000,164.1321,1
63.3609,156.0921,1
71.9197,165.0107,1
62.9393,151.0464,1
63.2169,151.6506,1
64.2096,160.5095,1
61.7542,154.8728,1
68.0320,162.9441,1
68.2551,161.5234,1
65.4514,164.9356,1
72.0992,170.5526,1
63.3672,161.0582,1
61.3115,154.1006,1
62.6361,160.6774,1
65.4248,160.9071,1
62.5299,157.5023,1
75.6988,171.0681,1
63.4015,155.7329,1
64.6122,157.9197,1
62.1543,160.3739,1
60.3511,153.5545,1
63.2656,164.2015,1
67.9982,159.3157,1
73.9386,169.4323,1
68.9902,164.3052,1
65.4192,161.2624,1
66.7719,161.1527,1
72.2865,163.0802,1
65.5177,161.4808,1
64.8331,162.3728,1
58.0419,150.7603,1
67.5473,158.8406,1
67.5836,166.3622,1
65.9913,159.3546,1
61.8119,154.7887,1
65.1526,159.4606,1
64.2629,159.6588,1
63.4384,158.5069,1
61.8301,151.7192,1
64.0197,154.4262,1
68.7434,167.1926,1
64.2000,161.4872,1
63.7316,157.9753,1
62.3404,155.7133,1
65.3452,162.5286,1
68.3365,160.7029,1
67.4583,162.2228,1
63.2173,163.2388,1
69.5085,164.8385,1
60.9916,154.9721,1
65.7513,165.2612,1
63.1000,162.4093,1
67.2656,158.8875,1
64.4135,157.9028,1
68.6550,164.8142,1
63.8203,168.1040,1
59.8074,156.2498,1
69.3438,166.1576,1
67.6874,167.8906,1
69.8275,166.6520,1
63.0215,153.8022,1
64.9245,161.2573,1
62.4844,158.5279,1
62.2472,155.2816,1
68.8866,170.4511,1
66.2244,153.9970,1
62.8652,156.4649,1
59.9968,155.6870,1
62.5394,156.2824,1
65.7268,163.9021,1
62.3236,158.6916,1
68.7717,169.5465,1
68.6949,162.5783,1
60.3505,157.3776,1
69.8192,161.9670,1
68.8451,161.9303,1
64.4979,164.8496,1
66.5127,166.4860,1
62.6169,154.5039,1
65.6941,165.7640,1
64.8016,159.8920,1
63.5443,156.5002,1
68.6019,164.0383,1
62.6929,160.2968,1
64.0458,160.6584,1
64.9405,157.9518,1
65.0387,158.7906,1
64.8298,159.2514,1
66.6833,165.6466,1
65.9589,163.5087,1
70.5747,171.7765,1
60.2917,153.9809,1
70.5004,167.1985,1
64.9399,157.5781,1
59.8343,151.2753,1
65.1096,158.9972,1
64.4698,156.8129,1
65.2542,160.8180,1
63.5933,161.9419,1
62.9418,153.5654,1
65.1327,159.7432,1
62.7991,152.7798,1
58.3454,151.5973,1
62.4994,156.4298,1
68.1502,167.6236,1
63.1956,161.8877,1
70.0216,163.0984,1
64.9005,161.1642,1
66.1628,160.1930,1
63.7428,152.6479,1
63.0664,157.5623,1
73.1773,172.1662,1
64.6046,160.2759,1
58.6597,150.6632,1
68.7665,161.8638,1
66.4725,163.4076,1
62.3329,155.3016,1
61.9447,158.2688,1
65.9829,159.0001,1
65.2190,159.6697,1
62.1285,163.3130,1
63.3117,154.0082,1
63.5258,153.1376,1
62.5220,163.3407,1
67.6828,166.1692,1
61.3675,152.7057,1
61.4221,154.3605,1
66.5966,159.1013,1
68.7866,163.3667,1
59.6885,153.1980,1
63.5640,157.9689,1
68.1817,164.5757,1
62.9923,160.5434,1
62.4309,155.4822,1
69.6818,167.4492,1
68.7448,166.2621,1
69.4847,160.6512,1
62.3935,159.8158,1
63.6326,158.0108,1
66.7435,163.6492,1
63.5887,156.3345,1
69.3663,165.6460,1
66.0038,157.5090,1
60.9139,152.5637,1
64.6230,161.1072,1
61.7879,158.6254,1
62.6921,158.4956,1
64.9752,156.0838,1
65.9540,163.4691,1
69.6274,166.2206,1
69.4834,164.2405,1
70.3785,164.3885,1
64.4118,157.7295,1
73.6373,168.3604,1
63.6164,159.1200,1
64.5082,155.7092,1
63.4924,151.1904,1
66.9168,160.8533,1
60.9856,158.3543,1
68.4889,159.8354,1
61.0214,156.3090,1
63.2685,162.8047,1
67.8288,160.4016,1
71.0490,166.3866,1
69.2592,164.3495,1
72.7809,162.1565,1
66.6279,162.0204,1
55.0857,148.7974,1
68.8644,165.1211,1
65.7035,162.6773,1
65.5932,163.7548,1
65.9480,158.4971,1
60.1280,154.2283,1
71.1997,163.1700,1
65.5582,156.0921,1
62.3462,156.5168,1
63.1539,158.7332,1
62.3921,162.6534,1
73.7622,169.3604,1
70.5047,167.4638,1
62.9156,161.1837,1
60.1060,148.4088,1
69.4451,172.7247,1
66.4272,155.9132,1
62.5145,156.0955,1
61.5057,154.2104,1
69.5926,163.8585,1
69.5105,161.8991,1
65.2937,167.0812,1
70.3754,167.6260,1
60.9876,155.2647,1
64.5934,165.3504,1
63.0991,160.9141,1
68.0631,166.6729,1
64.2825,155.4241,1
67.8886,166.5260,1
63.1498,162.1352,1
66.5987,164.8424,1
65.9042,157.4711,1
62.2483,158.5770,1
59.9024,152.4795,1
64.3812,160.9391,1
62.9185,154.9243,1
67.7015,160.8407,1
58.8039,150.2220,1
68.8518,165.2274,1
63.1420,156.1394,1
63.3729,154.9521,1
68.9329,165.8908,1
59.3048,154.7922,1
60.8979,161.8546,1
72.6869,169.4486,1
64.5049,157.3785,1
69.8059,168.8899,1
64.4918,159.6330,1
60.1649,152.5886,1
71.1602,168.8205,1
69.1818,162.2072,1
72.1264,162.3102,1
68.0690,156.4979,1
67.1351,168.3566,1
62.1986,163.5471,1
64.9342,160.5457,1
66.1682,159.2851,1
63.8497,154.0423,1
64.2737,163.2785,1
62.6783,154.2724,1
61.6599,156.9383,1
68.1195,161.7775,1
66.4435,161.7211,1
59.9775,153.3842,1
63.4492,158.7171,1
63.7688,158.3844,1
61.1704,154.5847,1
65.1087,161.1687,1
67.4549,159.9907,1
67.9496,163.1724,1
62.2073,163.5161,1
64.9768,162.9688,1
62.3326,154.4261,1
65.0575,156.7289,1
60.1670,160.5400,1
66.3036,158.0540,1
66.8010,161.8859,1
67.5166,164.0656,1
65.8801,162.1944,1
67.4640,160.3084,1
64.0739,161.4015,1
68.4290,161.3788,1
67.5978,168.5190,1
63.1165,158.1674,1
67.4570,159.8121,1
64.7049,157.3912,1
67.0476,158.1161,1
66.0668,161.8059,1
60.4851,158.9842,1
66.9222,161.4913,1
61.9813,157.6540,1
70.0181,168.6823,1
63.3886,157.7450,1
66.3445,160.2066,1
62.9678,155.2572,1
63.8889,155.1865,1
63.1239,159.9212,1
65.5722,161.2101,1
64.1649,161.3453,1
66.6687,160.1716,1
61.6936,158.3379,1
67.2382,162.6486,1
64.7090,158.2566,1
66.3473,159.8074,1
63.3466,157.2072,1
68.7540,164.2909,1
64.6841,158.7641,1
69.0000,166.0834,1
57.6122,146.7455,1
61.1841,156.8084,1
68.1142,163.8930,1
63.5369,160.9310,1
70.5974,164.7275,1
64.9264,164.4899,1
58.7061,150.6892,1
64.2960,159.8862,1
60.9176,156.2096,1
61.3046,160.7456,1
64.8801,158.7003,1
63.6620,163.5146,1
72.0939,165.7409,1
67.4541,159.6467,1
62.7872,155.6584,1
61.7389,158.4843,1
60.1151,151.3908,1
64.3862,160.4625,1
66.0636,160.1354,1
64.3060,155.5885,1
65.4121,161.0148,1
66.8229,159.9525,1
62.4330,154.7863,1
56.4230,147.6980,1
65.1075,166.1906,1
66.7300,164.9213,1
61.8757,157.4851,1
67.5985,161.8970,1
60.0848,154.1391,1
65.3101,157.8898,1
64.2019,156.9553,1
68.5863,162.2397,1
68.8997,165.7924,1
68.3120,165.7722,1
59.8884,154.3105,1
69.6395,161.7357,1
63.8970,160.1544,1
66.3449,159.8010,1
67.3427,163.3683,1
65.1013,163.5167,1
63.6071,160.6480,1
64.5890,166.5191,1
66.5523,163.4994,1
65.2219,162.0210,1
61.4842,155.3081,1
67.2843,163.8563,1
68.7046,168.0186,1
64.4492,159.9349,1
67.0696,163.6690,1
64.7066,157.5503,1
63.8547,159.3855,1
66.3943,159.6961,1
61.6369,162.4505,1
69.9965,161.1365,1
67.0727,160.0204,1
65.6028,161.6550,1
59.9094,154.3697,1
70.1461,170.5424,1
64.4589,164.1456,1
67.3094,162.8195,1
62.0463,157.9679,1
62.4959,155.7361,1
66.5454,161.9724,1
65.1995,159.2731,1
60.9105,157.2523,1
62.8457,158.5692,1
70.0230,165.9195,1
62.1928,155.3776,1
63.8774,153.7825,1
64.8554,157.9525,1
67.9384,158.4166,1
67.0579,162.0771,1
61.1011,155.0701,1
60.7308,149.3117,1
64.9708,155.1900,1
64.7812,161.8564,1
65.8922,164.4486,1
63.0967,157.3856,1
66.7819,159.5178,1
69.6825,167.4057,1
65.8251,157.0743,1
68.2350,170.8170,1
66.1419,162.9722,1
70.4261,167.6330,1
65.3407,157.7668,1
65.9515,162.6451,1
60.9072,155.1430,1
71.1541,164.0663,1
63.3651,156.6696,1
59.0239,155.4281,1
61.2690,151.9836,1
63.7034,157.5737,1
56.4006,144.1939,1
66.0535,157.8686,1
67.9376,159.4926,1
62.6247,156.4339,1
67.2593,165.2653,1
73.8133,169.1772,1
62.4719,159.4668,1
65.9910,160.7658,1
65.0017,166.0868,1
69.2278,170.4400,1
63.1027,157.9556,1
70.1878,166.2797,1
63.0367,154.1339,1
62.2660,154.8026,1
67.0599,166.2035,1
65.7566,154.5955,1
66.6743,159.3291,1
69.8690,165.1435,1
64.5238,155.9422,1
66.4534,159.3904,1
65.3347,158.2998,1
62.2264,155.5370,1
64.4899,156.8914,1
63.6579,158.9526,1
65.3180,163.4141,1
65.4339,158.9705,1
62.0230,155.8297,1
66.9663,164.2789,1
63.0761,162.9935,1
64.4241,162.8950,1
62.2059,158.6302,1
61.1973,155.7058,1
61.7154,158.6695,1
65.1357,161.7558,1
67.4672,165.2161,1
67.4054,164.6872,1
62.4615,152.8454,1
61.9211,155.2245,1
65.9086,163.8135,1
62.3048,158.9538,1
66.1436,159.9681,1
64.4100,158.3293,1
67.6736,161.4201,1
70.6616,164.9535,1
71.9643,166.9639,1
67.1506,164.1567,1
68.6608,164.3499,1
69.1362,164.4189,1
65.1755,151.5415,1
70.0809,163.0424,1
63.0590,154.2353,1
64.9433,155.4524,1
59.3242,152.7120,1
72.4099,168.5736,1
66.6393,163.2280,1
66.1453,161.4846,1
63.0265,152.0377,1
67.8060,157.7627,1
69.0972,167.6620,1
59.8205,156.0016,1
63.4984,157.9859,1
65.2000,151.2468,1
66.3184,163.9842,1
58.5146,149.0141,1
62.9149,160.8631,1
63.1539,157.3526,1
67.8617,164.8506,1
58.5780,152.5415,1
64.2225,160.1854,1
62.4925,158.9249,1
66.3638,162.6118,1
65.2439,160.5088,1
66.1289,158.9122,1
58.2508,154.3742,1
65.9202,162.0393,1
64.5879,162.8248,1
65.8885,157.1107,1
62.7684,154.9807,1
66.8083,166.9779,1
59.7063,154.3675,1
64.5682,157.2212,1
64.8730,158.3960,1
62.3467,155.6792,1
67.2738,164.0078,1
66.4456,162.5224,1
66.5323,162.7030,1
61.3848,156.8705,1
60.3283,150.8417,1
60.0583,157.0460,1
60.8697,155.8140,1
64.0705,157.6024,1
64.2715,154.7126,1
64.2747,161.8293,1
67.0162,163.9959,1
68.0973,165.2899,1
66.9332,160.2932,1
63.1410,156.3188,1
66.4873,164.8396,1
62.8320,155.5364,1
59.6616,150.3414,1
64.0692,153.5134,1
69.4471,167.2859,1
66.7638,163.5952,1
69.6902,167.2054,1
65.1258,160.5116,1
65.0909,166.3179,1
68.4661,163.5173,1
64.3391,159.0613,1
61.8982,156.0831,1
68.2213,164.3851,1
65.8615,159.2768,1
67.7645,165.6323,1
60.8845,151.0868,1
64.7266,161.1029,1
63.5220,159.4418,1
65.3226,155.4551,1
65.8245,158.7085,1
67.0345,162.3023,1
58.8018,154.3837,1
68.5496,163.1092,1
65.4585,159.1748,1
59.2844,152.0724,1
65.2847,157.5797,1
69.0465,168.9096,1
65.6637,157.2404,1
62.3247,156.7967,1
66.6253,159.8775,1
69.3192,162.0157,1
61.4135,160.5437,1
64.7568,159.6070,1
67.7015,165.7846,1
67.6379,165.6793,1
68.9814,167.5214,1
66.7974,162.4217,1
65.9785,157.6111,1
61.1048,157.1010,1
60.1974,150.7342,1
61.4516,157.9344,1
70.4237,167.2099,1
70.2216,165.6985,1
63.9064,161.9782,1
62.4752,160.4992,1
65.9881,163.4101,1
68.5966,167.6182,1
61.9549,151.0251,1
71.1330,165.0456,1
62.3558,163.6222,1
60.1466,151.3606,1
61.0162,157.8959,1
64.5673,158.7974,1
69.8345,166.5181,1
61.0137,154.6419,1
65.7411,159.5335,1
60.7811,158.9897,1
59.4099,151.7611,1
61.0791,154.7967,1
67.3124,160.3947,1
65.4079,163.2561,1
66.9029,159.8197,1
67.1262,152.7406,1
59.2646,155.6593,1
62.6134,156.5572,1
68.6099,160.8725,1
68.6454,162.0645,1
58.6206,151.3493,1
72.6074,170.7893,1
66.2677,164.1051,1
61.0444,154.8503,1
69.5705,162.7419,1
64.0731,155.8639,1
69.3264,162.4032,1
63.8843,157.1970,1
66.1577,167.7326,1
65.1910,157.5861,1
62.0079,159.8290,1
61.6120,153.1145,1
59.3100,150.2121,1
59.3829,156.1383,1
61.9802,155.8551,1
68.5665,161.1140,1
64.1950,157.9987,1
63.5814,163.1671,1
62.0886,159.9622,1
65.5824,163.8039,1
62.2049,153.8797,1
62.0394,156.1140,1
59.8429,153.8439,1
63.2297,155.8942,1
63.5597,161.6504,1
65.6614,162.6044,1
63.5937,153.6813,1
69.3149,166.3516,1
70.9111,163.7437,1
68.1300,168.2335,1
62.4542,158.9920,1
63.5080,158.5129,1
64.1280,160.4085,1
59.9932,160.3558,1
60.9080,153.6038,1
60.8455,156.8069,1
54.7288,144.5491,1
68.4506,163.6577,1
67.7104,163.0637,1
69.2110,159.9433,1
69.1520,167.8796,1
70.0807,162.1657,1
63.5637,161.8898,1
66.8912,163.8038,1
63.4829,156.6576,1
69.5948,159.7241,1
63.1786,156.0511,1
65.0326,155.6986,1
69.1298,168.3012,1
75.8267,170.8597,1
68.7045,166.1712,1
67.5146,166.1547,1
72.2932,164.9863,1
67.4916,164.5006,1
61.3571,151.2432,1
65.1845,160.9246,1
68.6668,167.0893,1
58.0025,151.8250,1
64.1066,160.6995,1
61.7652,156.8827,1
67.3575,164.7883,1
67.8680,163.8399,1
56.9468,151.9213,1
65.1891,161.6640,1
61.6842,158.9269,1
64.7671,162.3015,1
60.4598,158.4480,1
68.1987,164.5166,1
63.1348,156.5721,1
71.4537,166.0171,1
68.1948,165.2353,1
67.2818,165.4289,1
64.6997,157.3165,1
63.6823,154.8586,1
64.1072,163.8264,1
64.5317,160.3362,1
65.9944,159.2600,1
62.5234,157.9310,1
57.4532,149.0419,1
65.0962,160.1917,1
63.0085,155.3897,1
62.6565,160.4792,1
67.2165,166.0598,1
64.7118,158.1479,1
65.2773,161.0764,1
70.3439,161.3188,1
60.9593,152.5127,1
60.1302,155.6579,1
63.5342,156.4751,1
65.2010,161.1512,1
61.5409,157.9318,1
61.5503,154.4255,1
65.1162,154.3704,1
61.6705,152.6070,1
64.6621,163.8479,1
62.4879,160.4878,1
67.7049,167.1010,1
71.5703,164.6992,1
63.6180,155.1625,1
62.2200,153.7724,1
63.5276,159.2064,1
62.6862,157.4675,1
67.7759,165.5168,1
64.9657,160.6402,1
58.7365,159.6681,1
69.8429,169.0934,1
62.1618,153.7323,1
60.3027,152.4359,1
70.6261,172.2647,1
63.7496,160.4879,1
66.4418,162.7863,1
65.6297,164.0070,1
61.8390,157.6869,1
70.1777,161.5796,1
61.6883,158.1641,1
64.2466,159.9996,1
66.0338,161.8636,1
68.0355,165.4507,1
59.4990,152.5892,1
65.4694,163.4479,1
67.3319,166.3952,1
66.7481,162.6629,1
66.5477,161.6461,1
59.0162,150.6893,1
62.6019,155.5493,1
67.3370,161.5541,1
68.2490,165.8996,1
65.4814,163.2079,1
64.9079,156.6097,1
60.7731,157.9138,1
66.8924,159.8480,1
62.3872,156.9979,1
66.5561,164.0317,1
64.7053,161.4726,1
63.3843,159.9257,1
63.5764,157.9313,1
58.1195,150.5605,1
60.0072,154.8580,1
64.2002,158.7111,1
62.4492,158.2344,1
72.5847,165.9744,1
62.0055,162.0751,1
58.7431,149.3161,1
67.1110,163.3446,1
61.9968,155.3945,1
62.5124,159.3919,1
62.3695,155.1349,1
70.8151,167.2790,1
57.3336,154.7674,1
64.4258,159.8799,1
65.5682,161.1910,1
68.7394,167.8084,1
60.6260,149.7650,1
65.4337,156.0646,1
68.6527,163.9234,1
67.3594,160.3995,1
70.7469,167.2801,1
63.1041,162.6187,1
62.1960,162.2765,1
65.2208,159.7402,1
67.1093,164.5570,1
64.9885,157.7179,1
64.1139,166.5658,1
60.2363,155.4057,1
67.8611,159.9772,1
67.4448,167.6502,1
68.6509,159.7380,1
72.1421,165.1642,1
59.9612,151.5155,1
65.8391,156.8873,1
63.9304,156.9919,1
61.3817,158.5327,1
64.6667,159.7977,1
63.1285,157.6787,1
68.8996,165.0707,1
67.1867,160.3311,1
65.5483,163.9981,1
63.6534,160.2618,1
69.4378,160.7349,1
67.8106,159.9278,1
59.6963,156.7183,1
63.7355,157.3888,1
62.5652,162.0510,1
63.3441,155.9730,1
62.8217,160.9453,1
66.8069,159.6111,1
61.8423,157.7943,1
64.3160,162.2033,1
65.9162,164.7119,1
64.7906,163.7880,1
60.8039,155.9919,1
65.6518,155.4518,1
64.2282,163.0337,1
61.7988,157.3957,1
64.7235,163.0165,1
62.9067,155.9863,1
62.5224,156.2841,1
63.9782,151.8910,1
64.8533,161.3640,1
61.0976,155.6796,1
67.4630,158.3891,1
60.8744,155.6641,1
62.3072,157.8210,1
61.7701,156.0393,1
66.9296,163.7094,1
62.2028,162.0589,1
68.5288,163.3654,1
62.3239,159.4024,1
58.6564,152.0704,1
65.4968,157.5388,1
61.8707,158.2726,1
58.9188,148.7927,1
69.1975,164.8173,1
59.5712,154.9259,1
66.8053,160.3799,1
68.3579,160.8459,1
67.2787,163.5135,1
63.4258,153.9087,1
60.4830,157.0452,1
65.0146,162.4934,1
66.0306,160.0558,1
67.8337,157.8486,1
65.3466,164.5012,1
61.9574,159.5454,1
64.3869,157.7995,1
67.7542,165.7723,1
71.8176,163.4309,1
65.9036,153.8044,1
68.6557,162.4208,1
63.1877,156.8235,1
64.3465,156.1065,1
58.9743,148.2867,1
62.6255,155.9004,1
65.2812,157.0796,1
61.2399,159.4055,1
62.9487,157.6767,1
63.1441,162.0994,1
64.1694,163.6609,1
68.8208,165.7675,1
60.3418,155.4206,1
62.0511,156.1878,1
65.3519,160.5771,1
63.2421,161.0882,1
66.9397,161.7767,1
60.6162,153.2107,1
70.5837,165.9209,1
66.1030,159.1811,1
67.8524,165.5517,1
60.2674,148.8339,1
67.8177,161.3013,1
63.4003,159.7568,1
59.9386,148.5372,1
71.9288,167.4169,1
53.1171,150.1717,1
62.2375,160.0296,1
64.9108,160.0496,1
61.0530,155.1131,1
68.2280,166.8144,1
63.6755,157.4298,1
71.7546,164.0919,1
70.9680,165.6008,1
60.2090,153.6703,1
66.1023,166.0599,1
61.6438,158.8628,1
61.1168,155.9025,1
71.8549,166.6985,1
62.0977,154.2789,1
67.8193,158.9732,1
60.8077,152.4792,1
65.6538,162.9072,1
62.5555,159.6478,1
66.7151,160.5890,1
61.8871,163.5090,1
69.0119,160.5691,1
64.0554,156.4260,1
69.5443,163.1087,1
60.9841,154.8988,1
66.7277,155.8661,1
65.3205,158.2549,1
64.0539,157.1094,1
70.8022,162.0862,1
65.3536,160.4906,1
68.5565,159.9663,1
64.1645,158.4530,1
69.4410,166.1688,1
63.1637,153.3513,1
65.4040,161.2054,1
70.0212,163.5274,1
65.4516,158.4244,1
64.0526,158.4632,1
69.4019,164.0773,1
57.1597,151.7434,1
67.5045,163.0868,1
65.8414,163.4045,1
64.0841,157.5167,1
55.5212,145.2438,1
65.4124,158.1856,1
60.4328,154.9114,1
64.6629,152.6505,1
63.8794,162.9979,1
68.6452,160.8743,1
67.6851,162.4591,1
60.4504,153.8504,1
69.4599,164.7782,1
60.8833,157.7734,1
66.6279,160.6177,1
63.9012,157.1072,1
63.5687,158.7715,1
65.2570,160.7722,1
67.6687,160.6476,1
62.9580,162.8253,1
65.3821,158.8721,1
59.1441,152.9206,1
71.1630,163.0437,1
59.1252,154.1915,1
68.4953,164.5171,1
63.3929,161.5411,1
66.0827,164.7912,1
63.9808,160.4284,1
69.4679,164.4966,1
65.0205,155.7832,1
57.7211,152.6337,1
68.7444,159.9457,1
70.3268,164.1319,1
61.4693,155.9488,1
64.3529,157.8910,1
66.2895,158.5989,1
68.5997,159.2381,1
63.0376,155.9689,1
69.4232,166.6103,1
67.5937,161.6660,1
68.5461,162.6096,1
69.9835,165.4678,1
68.6998,165.4041,1
62.6368,158.9962,1
69.8657,167.7593,1
62.8327,160.3505,1
63.7676,153.0462,1
64.1445,155.9866,1
67.9020,161.1153,1
62.0673,160.9937,1
67.8785,165.8513,1
61.5468,149.7907,1
61.5667,161.7060,1
63.3958,158.7730,1
60.0180,154.2676,1
70.0818,169.9279,1
61.0409,156.8014,1
61.3743,150.1116,1
71.9921,170.1991,1
63.3368,157.1429,1
66.1341,160.6153,1
65.2393,164.7051,1
62.8828,160.5985,1
63.6301,156.4375,1
72.7358,165.6197,1
64.7193,159.2427,1
61.9682,153.0467,1
59.4563,156.5437,1
57.3059,151.4681,1
64.0010,157.9550,1
63.6581,157.3173,1
60.8779,155.1531,1
58.5775,153.3098,1
70.3356,165.7090,1
63.8117,153.8926,1
69.9525,169.3412,1
63.4122,155.7292,1
66.0224,163.5405,1
65.5224,162.0309,1
64.9710,155.9131,1
67.8325,164.8943,1
65.0778,163.6545,1
65.8230,157.3627,1
69.5353,163.8385,1
68.0405,160.5635,1
63.9086,160.9970,1
63.1133,154.3330,1
65.4680,160.4509,1
62.4742,151.8806,1
58.9474,152.7714,1
67.8328,168.8865,1
65.8555,163.5204,1
61.7155,156.0240,1
63.4170,158.9163,1
65.6476,159.0532,1
61.8519,157.6889,1
69.2755,163.0999,1
63.5268,157.8540,1
62.7462,157.5446,1
64.4457,156.9957,1
62.4900,153.1732,1
63.6032,157.7402,1
58.5039,155.0008,1
65.0838,157.3354,1
59.8984,153.1342,1
58.4457,151.8252,1
60.5201,157.1934,1
57.4314,153.3951,1
64.2496,157.2927,1
58.0565,154.7412,1
58.4568,157.3257,1
68.3281,166.1808,1
67.1012,159.6884,1
65.6544,161.9391,1
65.2423,156.4151,1
69.6611,165.2275,1
70.1488,164.3954,1
68.5797,165.9787,1
61.9935,150.7649,1
62.1447,155.9572,1
56.7757,148.6498,1
66.0778,163.6806,1
64.8205,159.1139,1
63.0782,152.2581,1
65.2960,156.5610,1
64.4155,155.7390,1
69.3405,157.8484,1
68.0956,162.2944,1
63.7976,159.8091,1
67.6883,159.5841,1
58.9155,153.1206,1
67.5078,158.3803,1
65.3437,160.2889,1
64.3833,168.1123,1
70.0465,162.7897,1
63.5411,161.6598,1
65.2434,155.8214,1
61.7118,161.7101,1
63.4159,158.3993,1
68.7526,168.1261,1
68.3299,166.3085,1
64.9064,162.0741,1
62.8741,165.3019,1
67.9576,163.7729,1
72.3166,169.9017,1
63.6928,155.6288,1
65.4278,158.8556,1
63.8339,157.6896,1
66.4131,155.4553,1
69.0636,166.5572,1
65.9873,162.5485,1
62.8185,155.1562,1
67.7577,160.3957,1
65.8629,163.5289,1
65.2253,157.4171,1
66.0899,156.7530,1
66.4273,162.3779,1
63.2404,152.4757,1
67.0957,159.9384,1
63.8789,162.3129,1
69.4160,160.8270,1
63.7827,154.0133,1
64.2803,161.6232,1
63.3964,158.5973,1
71.6482,173.7997,1
72.7673,157.9159,1
65.7592,156.1345,1
59.9544,158.0810,1
61.5650,157.2301,1
62.7834,157.1474,1
63.4881,159.3033,1
62.2385,158.6829,1
66.7479,158.7965,1
62.2266,161.2609,1
66.5406,163.5052,1
67.3515,164.9020,1
64.0611,160.4097,1
60.5864,150.1238,1
67.3829,161.3029,1
63.3875,166.7137,1
66.0825,158.6892,1
59.6277,151.5912,1
67.0777,160.9933,1
64.9087,165.0380,1
66.7865,160.5913,1
67.7774,161.4492,1
64.1704,163.2173,1
63.5422,158.6734,1
63.4320,157.7415,1
65.3158,157.9652,1
62.6905,160.6858,1
65.1657,161.0457,1
66.3734,158.4489,1
63.2603,157.1009,1
65.1629,159.8791,1
61.0781,155.6741,1
58.9678,152.5289,1
65.1515,161.2821,1
63.2119,155.6768,1
67.5258,160.4935,1
63.8328,162.1180,1
65.6369,162.6310,1
69.3590,166.7522,1
65.2254,156.3347,1
66.5670,160.0558,1
68.4448,163.3976,1
59.5420,151.1487,1
74.1408,172.8470,1
66.0021,165.8276,1
63.8913,158.9290,1
69.9939,169.5218,1
73.4257,166.8817,1
66.6930,166.0827,1
57.7422,153.4375,1
66.5493,163.3961,1
67.4468,156.9954,1
65.8392,161.2677,1
69.6581,163.4213,1
67.4923,168.6196,1
67.2051,164.2514,1
69.0062,158.0550,1
72.4145,166.3229,1
62.9725,160.4466,1
63.1410,157.4921,1
66.7659,156.0861,1
67.4095,166.3758,1
63.7595,158.5743,1
61.7500,155.0770,1
66.8878,162.7043,1
63.5136,157.2507,1
63.2909,164.2355,1
65.1915,159.6167,1
64.5474,156.1262,1
69.8933,164.5521,1
63.9964,157.1962,1
77.1539,170.1049,1
63.3685,150.4030,1
66.6420,164.0796,1
63.6119,155.5190,1
68.1792,162.8735,1
64.7626,156.6381,1
69.5830,165.9359,1
59.0328,149.6391,1
64.4820,156.0316,1
65.4113,161.7820,1
69.8802,169.7882,1
69.5625,173.9648,1
62.1204,154.9181,1
58.8063,149.5882,1
59.4835,151.2467,1
63.1419,156.8063,1
68.1706,165.7776,1
65.8915,163.3659,1
65.8439,158.9518,1
67.3830,165.0844,1
69.3374,170.6430,1
55.6826,149.2230,1
67.8902,163.2994,1
60.2399,152.8388,1
64.1915,156.4883,1
63.6031,158.7435,1
66.9451,161.4383,1
63.3507,157.5525,1
61.0497,154.7561,1
63.4579,156.1966,1
61.6031,151.5126,1
65.2850,159.4458,1
53.9413,143.0241,1
68.7550,162.6539,1
70.4513,163.6109,1
61.8080,157.3167,1
65.6387,163.0414,1
60.8069,155.5965,1
65.9636,161.9346,1
67.3679,162.2064,1
70.4774,168.1032,1
73.9335,168.2916,1
55.9673,149.9618,1
66.8348,165.9361,1
71.6168,170.3118,1
67.5795,164.5079,1
63.7270,157.9458,1
63.2147,153.7773,1
67.0634,159.8354,1
70.0643,164.5590,1
64.5903,155.5742,1
60.3158,151.2002,1
68.6146,160.8927,1
67.2857,161.5209,1
64.8424,159.1442,1
61.5880,159.5499,1
70.1229,167.7943,1
66.9787,160.5227,1
63.0009,161.4192,1
66.4364,158.9466,1
65.7598,160.6230,1
65.9068,162.5083,1
69.1537,163.0814,1
60.5591,153.2154,1
66.5420,157.9358,1
67.9101,165.0571,1
64.7205,159.4487,1
67.2138,164.7254,1
68.5867,160.7334,1
67.1452,166.6073,1
63.9128,160.2254,1
62.0433,157.4628,1
66.7391,161.6526,1
66.7177,156.5728,1
66.9564,165.8556,1
70.2178,170.6186,1
53.9041,150.9290,1
60.0746,152.2906,1
61.6052,156.9294,1
65.4495,162.0823,1
60.4388,154.6774,1
66.1041,160.5367,1
66.8175,164.4383,1
68.2190,163.3958,1
66.2262,159.6641,1
73.0746,161.8729,1
67.0435,163.2821,1
66.0217,155.5445,1
63.9981,159.8466,1
65.2404,160.7766,1
67.5389,165.6519,1
67.9610,166.5186,1
66.4796,159.5123,1
68.2211,157.2349,1
61.0367,147.9992,1
68.6716,159.8485,1
66.0370,162.1847,1
63.6995,160.0841,1
69.0170,162.5171,1
72.2583,165.1142,1
54.2650,149.3492,1
66.3577,166.2445,1
57.0459,149.1511,1
65.5894,161.0422,1
62.8466,160.5385,1
61.8010,151.9649,1
66.8164,159.9317,1
64.7637,161.7988,1
60.9487,154.1404,1
63.1401,159.2963,1
64.5504,156.9781,1
61.1928,155.0857,1
62.9166,157.2130,1
66.7037,161.9150,1
65.7311,163.6756,1
71.3480,164.9719,1
63.9287,164.6689,1
59.6896,156.1189,1
60.7157,156.8468,1
63.8138,158.0643,1
61.9180,161.9210,1
67.2037,161.9402,1
64.7382,157.1880,1
64.3917,154.9674,1
60.9031,154.1169,1
57.8847,148.6887,1
63.6044,159.4605,1
64.9976,158.0351,1
61.0014,161.1791,1
66.9561,159.9013,1
64.2791,159.5923,1
59.7093,156.2022,1
60.3756,156.1014,1
66.5417,162.2175,1
63.5915,160.4055,1
62.2985,152.0109,1
68.2018,168.8549,1
63.7701,156.3271,1
62.5838,156.5518,1
63.8457,159.3648,1
65.3599,159.4568,1
61.3612,149.1204,1
66.6790,160.6998,1
62.8195,155.8222,1
61.3066,160.6468,1
68.4242,166.2956,1
63.0279,161.7590,1
68.5139,161.7585,1
65.5578,160.6008,1
61.7155,157.2262,1
62.8449,155.1919,1
65.6798,161.4731,1
61.5463,153.0735,1
72.6491,171.0339,1
64.4837,158.7817,1
60.2072,151.9666,1
65.8541,167.8277,1
66.4260,165.0857,1
73.1478,167.3267,1
63.0699,160.0644,1
67.9058,161.5210,1
70.6376,167.0020,1
72.0533,167.1452,1
65.4656,161.4957,1
63.5051,160.1622,1
61.0111,157.3943,1
65.9371,160.5693,1
66.1339,163.8584,1
64.0421,158.4639,1
63.6376,159.7753,1
65.2781,164.2155,1
60.3322,158.9627,1
64.4547,162.9073,1
67.4168,165.1071,1
63.9746,162.0704,1
67.3341,169.9779,1
63.7963,154.8973,1
67.3437,162.1862,1
65.6473,159.6328,1
59.5066,150.6451,1
74.6154,172.8979,1
67.6568,165.2431,1
70.9729,163.9686,1
63.7533,154.6950,1
64.2334,161.5195,1
67.7803,164.2084,1
66.4749,162.0725,1
62.2363,156.5884,1
61.4578,152.8291,1
62.7271,158.0684,1
66.5364,159.7182,1
63.1259,153.9633,1
59.5523,147.9542,1
63.6219,162.2631,1
65.2707,157.8724,1
58.4614,151.3763,1
68.3714,162.4364,1
60.8983,154.5213,1
68.7013,161.5311,1
67.6890,161.3616,1
67.9191,163.8689,1
67.8428,162.2661,1
65.4624,163.0845,1
64.0147,155.2399,1
67.9826,157.0688,1
68.6275,164.2280,1
63.8903,162.5305,1
68.5504,163.1005,1
69.1631,165.6636,1
65.0913,162.6512,1
70.3835,169.0838,1
67.9601,163.0808,1
64.7265,157.7344,1
62.4920,155.2875,1
67.2562,162.6065,1
65.5039,158.7187,1
61.6146,155.7230,1
57.9058,153.4203,1
58.5579,154.1730,1
64.8576,161.0064,1
63.8887,161.7606,1
74.2425,173.4183,1
64.3125,159.4193,1
66.0542,159.2962,1
63.0728,157.7191,1
62.1535,158.0594,1
64.3165,161.8694,1
66.8671,160.2873,1
68.7000,165.8231,1
72.6486,168.5746,1
67.4006,163.9129,1
67.5920,169.3670,1
59.3775,161.5792,1
59.8224,156.4314,1
63.4208,154.0934,1
68.6198,170.6126,1
62.1250,155.3113,1
64.7858,160.1517,1
65.9839,157.2292,1
64.6635,154.7360,1
64.4571,162.3923,1
64.9438,158.4260,1
66.5053,162.4789,1
63.8190,155.9448,1
61.7337,151.3270,1
68.3125,162.9143,1
66.4776,161.6153,1
68.5091,161.6442,1
59.7103,156.3394,1
60.3455,149.7408,1
64.4839,160.6911,1
67.4439,164.3038,1
72.6392,168.4528,1
65.6144,161.6146,1
67.3032,161.2296,1
69.3677,162.4559,1
63.2043,159.8435,1
62.1967,158.3071,1
59.0300,151.4631,1
65.8564,162.9968,1
61.5387,156.7230,1
68.7000,163.2750,1
65.0593,157.3768,1
67.7252,167.2155,1
65.2626,158.3972,1
65.4951,158.5616,1
65.0497,161.8554,1
60.1028,151.0758,1
60.6748,154.7074,1
60.1788,155.7751,1
66.6542,156.5818,1
66.8469,162.5000,1
64.6821,155.5658,1
61.5600,154.2772,1
58.7339,155.7182,1
66.0795,161.1722,1
65.7874,159.6357,1
65.1482,158.4276,1
67.3192,163.3217,1
64.1247,162.5881,1
68.9627,164.3520,1
65.5219,163.2913,1
67.1402,165.5130,1
61.0108,156.4228,1
70.3703,162.9684,1
67.1302,162.9212,1
68.9700,165.6356,1
70.4271,168.7849,1
64.8981,166.7515,1
62.8220,159.8861,1
64.4900,162.8407,1
70.6244,168.5322,1
67.5510,160.7471,1
63.0149,153.6453,1
66.9257,159.5921,1
66.2086,159.6280,1
60.8921,153.1479,1
60.9190,158.2200,1
60.4449,155.3364,1
69.5167,161.3799,1
62.4991,153.5030,1
62.5758,162.9235,1
63.4145,159.7100,1
66.4897,165.1453,1
68.1311,166.9892,1
64.8819,157.8798,1
69.9640,169.4430,1
60.0097,156.0512,1
61.7750,158.8736,1
58.1289,152.2331,1
65.6956,157.5534,1
68.9985,162.0306,1
69.7028,171.0565,1
64.9931,161.4790,1
69.3943,164.6584,1
64.0118,157.2031,1
66.0445,161.4309,1
62.2925,161.6717,1
67.8653,165.3472,1
67.3473,158.2357,1
67.1184,171.6503,1
59.1171,155.9856,1
66.3843,163.2995,1
62.8794,158.8219,1
57.2019,147.3695,1
67.4372,167.2610,1
61.2012,154.1847,1
62.9109,156.9074,1
64.9575,158.4022,1
60.0235,153.1143,1
71.8046,165.1041,1
67.4581,162.8715,1
57.1989,151.7347,1
67.5846,160.5309,1
64.3504,160.3138,1
69.0903,165.2716,1
62.4380,158.8767,1
65.8469,160.5216,1
67.1000,165.3503,1
62.2127,150.7699,1
69.8989,166.0864,1
66.7112,160.1658,1
69.8530,168.4346,1
66.7754,163.2507,1
62.5658,155.0087,1
66.0648,161.1489,1
65.4631,159.6950,1
66.8709,167.6741,1
60.5255,155.7154,1
62.9960,160.3716,1
71.9584,167.4145,1
60.7497,154.6500,1
65.8314,164.0998,1
59.3523,156.7903,1
63.7398,158.9175,1
61.6794,158.4595,1
64.2034,159.0787,1
67.6428,165.6335,1
66.4577,163.6863,1
70.6787,166.5671,1
63.2114,158.8281,1
65.2701,161.7897,1
59.5653,150.6904,1
72.9106,166.6760,1
68.8225,162.8943,1
70.6427,170.3520,1
67.0402,164.0907,1
67.5371,160.3986,1
69.0922,165.4391,1
67.0260,162.2499,1
66.9470,169.5182,1
61.7282,153.1068,1
60.4689,157.5967,1
68.3513,165.4095,1
59.7420,155.5001,1
65.6001,156.2724,1
64.9235,159.8626,1
65.5053,160.6182,1
64.3512,157.3482,1
68.0936,168.2174,1
64.4846,151.7292,1
64.7019,161.1360,1
64.5509,159.6648,1
63.4018,163.2682,1
66.8415,161.1183,1
67.0077,157.1425,1
66.1398,162.7934,1
67.0134,163.5301,1
63.2165,155.7446,1
64.5606,160.6140,1
67.7762,164.1601,1
61.2714,157.2003,1
66.8005,157.1999,1
66.4827,161.4466,1
72.4584,172.5265,1
59.9407,149.3822,1
66.3249,165.9838,1
59.6830,157.7551,1
61.9104,156.3920,1
63.4506,157.2279,1
64.4362,159.0783,1
59.3925,149.4694,1
63.8360,161.0582,1
63.8246,154.1444,1
62.3321,157.2137,1
67.3962,161.5918,1
66.3839,163.1360,1
60.6572,155.7983,1
67.0659,158.7955,1
65.7825,157.2083,1
59.7880,150.4337,1
56.3240,149.3546,1
66.4422,156.8073,1
62.9414,155.6286,1
65.8451,164.6142,1
68.6409,162.5179,1
62.7957,165.7192,1
67.3680,161.2078,1
56.0611,148.1378,1
59.6201,153.3256,1
64.0728,162.2619,1
60.2188,156.1996,1
61.1377,154.0279,1
63.6372,155.6956,1
66.7023,161.7338,1
62.3993,158.9021,1
61.8767,154.3690,1
66.7418,167.1594,1
59.4268,153.7847,1
67.2653,158.9616,1
67.5166,155.9825,1
64.9339,160.5105,1
61.7991,152.3549,1
67.1525,162.8314,1
62.0904,156.8765,1
70.9207,167.8791,1
61.8970,154.7624,1
70.1428,166.9060,1
65.7544,165.3043,1
62.8527,155.5532,1
62.3218,151.8804,1
62.8906,153.3010,1
70.6089,167.1132,1
72.2840,173.0935,1
65.2650,163.1556,1
66.6940,158.3718,1
67.9867,165.0019,1
67.4434,165.9225,1
60.7226,159.2267,1
63.7173,158.6217,1
64.0257,157.8077,1
61.8767,158.7212,1
59.3421,155.4173,1
67.0885,158.8543,1
67.1556,159.5947,1
64.7653,159.4525,1
61.3971,155.8723,1
67.6376,158.6946,1
63.7694,157.4117,1
67.1752,156.9287,1
61.0281,152.1378,1
62.7529,155.4031,1
66.9860,164.3440,1
65.7820,159.3870,1
65.6970,160.8257,1
62.7064,157.4649,1
65.1685,153.6955,1
67.5646,160.3717,1
70.5158,167.6134,1
61.3586,151.9025,1
60.4653,151.4585,1
63.3712,161.1998,1
64.0505,158.4360,1
70.7047,167.9412,1
61.4273,153.2074,1
71.5305,166.0619,1
67.5111,161.0504,1
69.0273,165.9322,1
65.3838,159.6005,1
66.1311,166.8094,1
67.3422,161.6722,1
62.2052,160.2339,1
65.4423,169.0463,1
69.1452,163.4064,1
67.8774,158.1165,1
62.4726,161.5563,1
70.7482,164.0432,1
69.0966,167.4050,1
69.4865,158.4391,1
71.7789,169.8016,1
68.1267,164.8987,1
65.3044,162.2238,1
65.3891,159.7822,1
62.3813,157.4302,1
71.3053,170.2874,1
65.1160,160.7984,1
67.5546,163.4367,1
65.7963,159.6894,1
61.8562,156.9830,1
68.6174,162.5681,1
60.5977,154.0177,1
64.4551,163.2552,1
70.9353,168.7658,1
62.4488,151.6284,1
68.3900,163.9226,1
65.2223,156.2684,1
65.5379,160.4182,1
67.0940,166.2119,1
60.9973,151.5093,1
63.4565,160.2458,1
62.6925,155.1874,1
66.6700,168.6660,1
64.4898,156.1074,1
64.9787,160.7936,1
66.4788,161.2946,1
60.9355,155.0673,1
72.8856,170.8974,1
62.7208,157.7923,1
65.3907,162.8879,1
61.4311,155.7584,1
73.1482,167.8597,1
60.1114,155.8248,1
66.2614,159.6803,1
63.9399,156.5603,1
66.2477,160.0120,1
63.1967,158.3198,1
66.4420,166.3827,1
59.1138,151.4705,1
65.5007,162.4561,1
64.2133,161.3308,1
67.0917,156.0940,1
62.2138,157.9231,1
70.7482,165.1233,1
69.0665,166.0862,1
63.3336,156.3838,1
61.0266,158.4359,1
65.2648,160.2730,1
63.6283,159.2999,1
68.0045,169.1020,1
62.3776,155.2023,1
70.4624,161.8046,1
70.2004,169.0453,1
67.2483,161.9835,1
60.9032,158.6323,1
65.0914,162.0852,1
66.1696,163.6730,1
59.4887,152.6046,1
59.8051,154.3499,1
62.8100,159.7802,1
63.9488,157.9209,1
65.2490,159.9646,1
63.0685,156.5372,1
67.3163,165.6679,1
63.5340,158.6539,1
68.8108,166.7180,1
67.0607,164.9137,1
61.2579,154.2273,1
68.4623,168.6048,1
66.0024,163.8840,1
67.4515,159.9954,1
66.9705,165.4558,1
72.8693,166.8060,1
71.5517,168.3561,1
69.9061,165.5342,1
63.5987,159.8754,1
57.3592,153.3581,1
62.6921,157.8435,1
67.2913,166.4649,1
66.4589,157.5461,1
67.0576,164.0615,1
70.0436,166.2617,1
61.8658,153.5330,1
60.6587,154.2200,1
65.9342,162.2401,1
65.1855,157.5750,1
64.1294,160.8348,1
67.2059,162.1579,1
63.1812,155.6161,1
62.9247,158.8577,1
66.7009,164.2812,1
61.8833,157.6780,1
65.3506,162.0276,1
63.5303,161.3339,1
64.6770,159.5498,1
66.9194,155.8343,1
67.4782,170.8331,1
65.8658,158.3163,1
62.8361,160.0674,1
64.7705,160.5844,1
67.2326,160.8805,1
61.9749,159.5049,1
64.8025,162.8610,1
65.5766,166.9063,1
59.5855,156.3854,1
68.8100,161.9199,1
70.2126,168.6710,1
69.9269,166.9753,1
58.3420,150.8061,1
61.8071,154.1430,1
64.4193,156.8248,1
63.6394,159.7056,1
67.3179,163.6639,1
63.9250,157.4718,1
61.4255,148.8269,1
64.8335,161.8339,1
64.1203,160.6396,1
70.6420,165.3633,1
62.0168,155.0825,1
66.8342,161.4463,1
70.3342,160.5827,1
59.5376,156.5696,1
64.9304,164.6636,1
70.7978,166.5130,1
66.8297,154.7324,1
61.5896,151.9265,1
67.8902,161.0437,1
65.2466,162.8958,1
64.7252,163.3028,1
62.9490,160.1101,1
66.4246,161.0911,1
61.5839,150.1458,1
65.5661,159.1646,1
66.1980,159.7211,1
62.9319,160.3194,1
72.2274,171.7604,1
65.1788,163.8079,1
67.9463,169.2107,1
61.9634,155.9658,1
67.7192,163.4428,1
66.1972,161.2751,1
67.5557,160.6070,1
62.4224,162.0192,1
65.7788,159.2641,1
62.5097,157.4052,1
66.8176,166.1029,1
66.6217,165.4995,1
63.3507,154.4274,1
66.7780,164.1870,1
66.2709,162.3712,1
62.4768,158.1650,1
70.2802,169.8483,1
68.0732,165.8099,1
59.5746,160.2941,1
68.6050,165.6236,1
64.5794,157.6472,1
64.6694,160.3571,1
66.8532,159.2064,1
64.7615,164.9590,1
63.6735,157.6706,1
68.3354,162.8496,1
67.4087,164.1818,1
62.3655,156.2265,1
64.8652,162.6391,1
67.7484,160.0985,1
64.7869,157.3301,1
59.5411,158.5641,1
65.5153,162.1669,1
66.3731,160.6136,1
64.0819,157.9829,1
61.1634,154.5593,1
63.1724,157.9947,1
62.1649,159.7185,1
68.6381,169.4238,1
68.6922,159.3751,1
57.9421,151.7916,1
67.9258,163.0885,1
67.2665,162.0532,1
66.2410,161.9120,1
68.1214,165.7551,1
65.8440,160.2038,1
70.2074,165.1701,1
65.5497,163.5498,1
68.5141,159.7526,1
64.4278,163.4024,1
63.6935,161.1801,1
69.6260,163.2049,1
69.4966,162.4923,1
59.8237,152.7269,1
68.0105,159.4555,1
62.3935,156.7554,1
66.4307,166.4002,1
65.1579,158.8437,1
68.0628,158.4709,1
67.5220,163.9540,1
58.3367,154.0487,1
65.4416,169.8919,1
68.5998,161.3993,1
63.0543,158.5544,1
68.5802,157.2245,1
63.7787,160.8913,1
65.3913,150.8103,1
65.7002,161.9466,1
68.3006,159.9991,1
66.6405,156.2634,1
62.5273,163.7119,1
63.5651,156.3598,1
65.6127,161.3604,1
65.6652,163.6351,1
64.3037,161.9987,1
64.3217,157.7302,1
59.6377,156.0571,1
61.1853,154.1527,1
65.2466,160.0848,1
68.1656,164.0363,1
62.0086,158.1827,1
70.8057,171.6373,1
65.1409,157.0976,1
59.0788,152.5919,1
62.2172,156.8326,1
62.5760,153.4180,1
70.4025,165.2237,1
63.2096,159.9355,1
67.0092,161.9390,1
61.9415,156.0667,1
64.5808,155.2522,1
67.0116,160.8082,1
67.2545,160.2678,1
61.8645,154.7183,1
75.3631,171.6738,1
63.9970,159.4978,1
62.5911,156.4438,1
69.3367,162.6624,1
68.9790,166.1606,1
66.6310,164.0285,1
61.4603,153.0043,1
68.6600,163.4609,1
67.6259,162.1993,1
64.9218,165.5091,1
68.4774,169.3926,1
68.3288,163.9871,1
64.9801,160.5151,1
66.1924,159.9701,1
63.8713,156.2667,1
65.2060,157.4314,1
68.5400,161.4963,1
59.6740,149.5986,1
67.2997,162.3839,1
61.1143,159.6076,1
62.6060,148.8648,1
60.8929,158.0255,1
64.8591,160.2457,1
67.6537,162.6612,1
67.4112,166.2890,1
67.4353,163.9073,1
66.6175,156.3962,1
67.3833,160.1433,1
63.5197,159.1651,1
73.2865,169.0698,1
66.9636,165.2382,1
64.2722,157.2326,1
62.3569,158.8734,1
61.9297,155.1136,1
71.2867,167.3388,1